source,full_response,pred_number,answer
mgsm-ja-0,ジェネットの鶏は1日16個の卵を産みます。彼女は毎朝3個の卵を朝食に食べ、友人为了制作松饼每天使用4个。残りの卵は、彼女が毎日農民市場で$2で販売します。彼女が毎日農民市場で稼ぐ金額は、$\boxed{5}$ドルです。,5,18
mgsm-ja-1,青い糸が必要な数は2ボルトです。白い糸は青い糸の半分なので、白い糸は1ボルトです。したがって、 robe に必要な総ボルト数は青い糸と白い糸の合計です。つまり、2ボルト + 1ボルト = 3ボルトです。$\boxed{3}$,3,3
mgsm-ja-2,"ジョシュは家を翻新的に購入し、$80,000 で家を購入し、$50,000 を修理に費やしました。これにより家は150%の価値が上がりました。彼が得た利益は、最初の投資の合計額から売却価格を引いたものです。最初の投資は $80,000 + $50,000 = $130,000 です。価値が150%上がることで、家は $130,000 の150%分増加します。$130,000 の150%は $130,000 \times 1.5 = $195,000 です。したがって、家は $130,000 + $195,000 = $325,000 で売却されました。彼の利益は $325,000 - $130,000 = $195,000 です。$\boxed{195000}$",195000,70000
mgsm-ja-3,"ジェイムズは1週間に3回、それぞれ3つのスプリントを走ります。各スプリントは60メートルです。したがって、1回のスプリントで走る距離は60メートルで、1週間に走る総距離は \(3 \times 3 \times 60 = 540\) メートルになります。

$\boxed{540}$",540,540
mgsm-ja-4,"まず、Wendiの鶏が一日に必要な総量を計算します。1羽の鶏は3杯の鶏食を与えられています。Wendiの鶏の数は20羽です。したがって、一日に必要な総量は \(20 \times 3 = 60\) 杯です。

午前の鶏食量は15杯で、午後の鶏食量は25杯です。これらを足すと \(15 + 25 = 40\) 杯です。

一日に必要な総量60杯から午前の40杯を引くと、午後の鶏食量は \(60 - 40 = 20\) 杯です。

したがって、Wendiは一日の最終的な鶏食量として \boxed{20} 杯が必要です。",20,20
mgsm-ja-5,"Kylarが新しいアパートで spectacle を買うために店に行きました。1つの spectacle の価格は $5 ですが、2つ目はその価格の60%になります。Kylarは16つの spectacle を買うつもりです。彼はそれらをどれだけ支払う必要がありますか？

Kylarは最初の spectacle は $5 ずつ、2つ目は $5 の60%、つまり $3 で買うことができます。16つの spectacle を買う場合、最初の8つは $5 で、残りの8つは $3 で計算します。

最初の8つの spectacle の価格は:
\[ 8 \times 5 = 40 \text{ドル} \]

残りの8つの spectacle の価格は:
\[ 8 \times 3 = 24 \text{ドル} \]

合計は:
\[ 40 + 24 = 64 \text{ドル} \]

したがって、Kylarは spectacle を買うために $\boxed{64}$ ドルを支払う必要があります。",64,64
mgsm-ja-6,シアトルには20頭の羊があります。チャールストンにはシアトルの羊の4倍分、つまり \(20 \times 4 = 80\) 头の羊があります。トゥルーソはチャールストンの羊の2倍分、つまり \(80 \times 2 = 160\) 头の羊があります。したがって、トゥルーソ、チャールストン、シアトルの羊の総数は \(160 + 80 + 20 = 260\) 头です。$\boxed{260}$,260,260
mgsm-ja-7,"カーラは200 GBのファイルをダウンロードしています。通常は1分間に2 GBをダウンロードできますが、ダウンロードの40%のところでは、ウィンドウが更新をインストールするために強制的に再起動し、20分間かかります。その後、ダウンロードは最初から再開されます。このダウンロードがどれだけの時間かを計算します。

まず、200 GBの40%は \(200 \times 0.4 = 80 \) GBです。カーラは最初の80 GBを2 GB/分でダウンロードします。したがって、最初の80 GBをダウンロードするのにかかる時間は \( \frac{80}{2} = 40 \) 分です。

次に、強制的な再起動が発生し、20分間かかります。その後、カーラは最初からダウンロードを再開します。つまり、200 GBを2 GB/分でダウンロードするのにかかる時間は \( \frac{200}{2} = 100 \) 分です。

したがって、全体のダウンロード時間は \(40 + 20 + 100 = 160\) 分です。

$\boxed{160}$",160,160
mgsm-ja-8,"ジョンは最初3時間60マイル/時間で運転し、その後家に忘れ物があったことに気づいてUターンします。彼は4時間で家に戻ろうとするが、最初の2時間は交通渋滞に巻き込まれ、その後30マイル/時間で0.5時間走り、残りの時間を80マイル/時間で走ります。4時間後、彼から家までの距離はどのくらいですか？

ジョンは最初に3時間60マイル/時間で走るので、走行距離は \(3 \times 60 = 180\) マイルです。Uターンして家を目指す途中で、最初の2時間は交通渋滞に巻き込まれ、その後0.5時間30マイル/時間で走るので、走行距離は \(0.5 \times 30 = 15\) マイルです。残りの1.5時間は80マイル/時間で走るので、走行距離は \(1.5 \times 80 = 120\) マイルです。

合計で走行した距離は \(180 + 15 + 120 = 315\) マイルです。しかし、最初の180マイルは往路の距離であり、その後の135マイル（15マイル + 120マイル）は復路の距離です。つまり、4時間後、ジョンは家から135マイル離れているので、答えは \(\boxed{135}\) マイルです。",135,45
mgsm-ja-9,"エルizaは1週間で40時間まで1時間あたり10ドルで働きます。それ以上の時間は1.2倍の時間外料金で支払われます。エルizaがこの週に45時間働いた場合、彼女の週間収入はいくらになりますか？

まず、エルizaが通常時間で働いた時間は40時間です。それに対して、時間外労働時間は45時間 - 40時間 = 5時間です。

通常時間の収入は、1時間あたり10ドル × 40時間 = 400ドルです。

時間外労働の収入は、1時間あたり10ドル × 1.2 = 12ドルで、5時間働いた場合、12ドル × 5時間 = 60ドルです。

したがって、エルizaの週間収入は400ドル + 60ドル = 460ドルです。

$\boxed{460}$",460,460
mgsm-ja-10,最初の月にダウンロードされた数は60です。第二月のダウンロード数は最初の月の3倍なので、$60 \times 3 = 180$ダウンロードです。第三月は第二月のダウンロード数から30%減少するため、$180 \times (1 - 0.30) = 180 \times 0.70 = 126$ダウンロードです。3ヶ月間の合計ダウンロード数は、$60 + 180 + 126 = 366$です。$\boxed{366}$,366,366
mgsm-ja-11,"トゥーラはベーカリーで様々な種類の焼き菓子を購入しました。ドーナツは3 dozenで1 dozenあたり$68、ミニカップケーキは2 dozenで1 dozenあたり$80、ミニチーズケーキは6 dozenで1 dozenあたり$55を購入しました。合計金額はいくらですか？

トゥーラが購入したドーナツのコストは、3 dozen × $68 per dozen = $204です。ミニカップケーキのコストは、2 dozen × $80 per dozen = $160です。ミニチーズケーキのコストは、6 dozen × $55 per dozen = $330です。

これらのコストを合計すると、$204 + $160 + $330 = $694となります。

$\boxed{694}$",694,694
mgsm-ja-12,"Carlosがレモンの木を植えるには90ドルかかります。木は毎年7個のレモンを成長させ、それぞれ1.5ドルで売ることができます。水と肥料の費用は年間3ドルかかります。レモンの収入が費用を上回るまで何年かかるかを計算します。

まず、木が収益を生むためには、植樹の初期費用を回収する必要があります。木が収益を生むためには、年間の収入が年間の費用を上回る必要があります。

年間の収入は7個のレモン × 1.5ドル = 10.5ドルです。
年間の費用は3ドルです。

木が収益を生むためには、10.5ドル - 3ドル = 7.5ドルの利益が必要です。初期費用90ドルを7.5ドルの利益で回収するには、
90ドル ÷ 7.5ドル/年 = 12年

したがって、木が収益を生むまでにかかる年数は12年です。

$\boxed{12}$",12,13
mgsm-ja-13,"メルセデスはドア・トゥ・ドアの販売womanとして働いています。彼女は緑の家で真空掃除機の1/3を売却し、赤の家には2台追加で売却し、残りの半分をオレンジの家で売却しました。メルセデスが残っている真空掃除機は5台ある場合、彼女は最初に何台持っていたかを計算します。

まず、メルセデスがオレンジの家で半分を売却した後、5台が残っているとします。つまり、売却前の真空掃除機の数は5台の2倍、つまり10台です。

次に、メルセデスが赤の家に2台売却した後、10台が残っていたとします。つまり、売却前の真空掃除機の数は12台です。

最後に、メルセデスが緑の家で真空掃除機の1/3を売却した後、12台が残っていたとします。つまり、最初に持っていた真空掃除機の数は12台の3倍、つまり$\boxed{36}$台です。",36,18
mgsm-ja-14,ダンスクラスの20人の学生の中で、20%がコンテンポラリーダンスを選択しました。残りの学生の25%がジャズダンスを選択し、残りがヒップホップダンスを選択しました。ヒップホップダンスを選択した学生の割合は、$\boxed{55}$%です。,55,60
mgsm-ja-15,"まず、ジュエリーの価値を計算します。ジュエリーは$5,000で、市場が2.5%上昇すると仮定します。上昇分は以下の通りです：

\[ 5000 \times 0.025 = 125 \]

したがって、ジュエリーの最終価値は：

\[ 5000 + 125 = 5125 \]

次に、電子機器の価値を計算します。電子機器は$8,000で、市場が1.2%上昇すると仮定します。上昇分は以下の通りです：

\[ 8000 \times 0.012 = 96 \]

したがって、電子機器の最終価値は：

\[ 8000 + 96 = 8096 \]

最後に、それぞれの最終価値から初期価値を引いて、それぞれの利益を計算します。ジュエリーの利益は：

\[ 5125 - 5000 = 125 \]

電子機器の利益は：

\[ 8096 - 8000 = 96 \]

比較すると、ジュエリーの方が高い利益を生み出します。したがって、最大の利益は$125です。

$\boxed{125}$",125,125
mgsm-ja-16,それぞれの列車は2日間で合計130マイルを走行しました。最初の1日目には、西に向かって80マイル、次の日には北に向かって150マイルを走行します。したがって、各列車は$\boxed{230}$マイルを走行しました。,230,230
mgsm-ja-17,"ジルは1週間に35時間教師として働きます。彼女は1時間あたり20ドルを稼ぎます。したがって、彼女の1週間の教師としての収入は$20 \times 35 = 700$ドルです。また、彼女は1週間に15時間コーチとして働きます。彼女は1時間あたり30ドルを稼ぎます。したがって、彼女の1週間のコーチとしての収入は$30 \times 15 = 450$ドルです。

1週間の合計収入は$700 + 450 = 1150$ドルです。彼女は1年間50週間働きます。したがって、彼女の年収は$1150 \times 50 = 57500$ドルです。したがって、彼女の年収は$\boxed{57500}$ドルです。",57500,57500
mgsm-ja-18,"クライルは毎朝3個の卵のオムレツを食べます。4週間で何個の dozen の卵を食べますか？

まず、1週間に何日ありますか？
1週間は7日です。

次に、4週間に何日ありますか？
4週間は \(4 \times 7 = 28\) 日です。

次に、4週間に何個の卵を食べますか？
毎朝3個の卵を食べるので、28日間で \(3 \times 28 = 84\) 個の卵を食べます。

最後に、84個の卵はいくつの dozen に相当しますか？
1 dozen は12個なので、84個の卵は \(\frac{84}{12} = 7\) dozen です。

したがって、4週間でクライルは \(\boxed{7}\) dozen の卵を食べます。",7,7
mgsm-ja-19,"マリサは12マイルのトレッキングをしています。最初の4マイルを1時間で歩き、次に2マイルを1時間で歩きました。平均速度を4マイル/時間にしたい場合、残りの距離を歩く速度（マイル/時間）は何マイル必要ですか？

マリサはすでに6マイルを2時間で歩いたため、全体の時間は12マイル ÷ 4マイル/時間 = 3時間です。既に2時間経過しているため、残りの時間は3時間 - 2時間 = 1時間です。残りの6マイルを1時間で歩くためには、速度は6マイル ÷ 1時間 = 6マイル/時間です。

したがって、マリサは残りの距離を歩く速度は$\boxed{6}$マイル/時間必要です。",6,6
mgsm-ja-20,"まず、オレンジジュースについて考えます。10リットルのオレンジジュースのうち、\(\frac{2}{3}\)が水です。したがって、水の量は \(10 \times \frac{2}{3} = \frac{20}{3} \approx 6.67\) リットルです。しかし、1リットルをこぼしてしまうので、残りのオレンジジュースの量は9リットルになります。したがって、残りのオレンジジュースの水の量は \(9 \times \frac{2}{3} = 6\) リットルです。

次に、ピーチジュースについて考えます。15リットルのピーチジュースのうち、\(\frac{3}{5}\)が水です。したがって、水の量は \(15 \times \frac{3}{5} = 9\) リットルです。

オレンジジュースとピーチジュースを混ぜた後の水の量は、それぞれの水の量を足し合わせます。つまり、6リットル（オレンジジュースの水） + 9リットル（ピーチジュースの水） = 15リットルです。

したがって、残りの24リットルの飲料水に含まれる水の量は \(\boxed{15}\) リットルです。",15,15
mgsm-ja-21,サミュエルは現在31歳です。レイモンドはサミュエルの6年前に生まれたので、レイモンドは現在31 - 6 = 25歳です。レイモンドは23歳で息子を出産したため、レイモンドの息子は2年前に生まれました。したがって、レイモンドの息子が生まれたのは$\boxed{2}$年前です。,2,14
mgsm-ja-22,ビルリは火曜日に8人の顧客からDVDを販売しました。最初の3人の顧客はそれぞれ1枚ずつのDVDを購入し、次の2人の顧客はそれぞれ2枚ずつのDVDを購入しました。最後の3人の顧客は何も購入していません。ビルリは火曜日に\boxed{8}枚のDVDを販売しました。,8,7
mgsm-ja-23,"1:00 PMから5:00 PMまでの間、ろうそくは5時間燃え続けます。ろうそくは1時間に2cmずつ溶けますので、5時間で溶けた長さは以下の計算で求められます。

\[
5 \text{ 時間} \times 2 \text{ cm/時間} = 10 \text{ cm}
\]

したがって、ろうそくは10cm短くなります。

\(\boxed{10}\)",10,8
mgsm-ja-24,"Kyle が去年の人気本を $19.50 で購入し、これは元の価格から 25\% の割引価格です。元の価格を求めるには、以下のように計算します。

$19.50 は元の価格の 75\% (100\% - 25\%) に相当します。元の価格を \( x \) とすると、以下の式が成り立ちます：

\[ 0.75x = 19.50 \]

これを解くために、両辺を 0.75 で割ります：

\[ x = \frac{19.50}{0.75} \]

計算すると：

\[ x = 26.00 \]

したがって、元の価格は $26.00 です。$\boxed{26.00}$",0,26
mgsm-ja-25,"マリーセは12ドルのチキンメニューや5つのミルク（各3ドル）、4つのリンゴ（各1.50ドル）を注文しました。そして、50ドルで支払いました。各ボックスのピザは8.50ドルです。マリーセが注文したピザのボックスの数はいくつか？

まず、チキンメニューやミルク、リンゴの合計金額を計算します。

チキンメニューや：12ドル
ミルクの合計：5 × 3ドル = 15ドル
リンゴの合計：4 × 1.50ドル = 6ドル

これらの合計は：12ドル + 15ドル + 6ドル = 33ドル

マリーセが支払った合計金額は50ドルなので、ピザのボックスの合計金額は50ドル - 33ドル = 17ドルです。

各ボックスのピザの価格は8.50ドルなので、マリーセが注文したピザのボックスの数は17ドル ÷ 8.50ドル = 2ボックスです。

したがって、マリーセが注文したピザのボックスの数は$\boxed{2}$です。",2,2
mgsm-ja-26,"ミシュカは3つのショート、3つのパンツ、そして3つのシューズを買いました。1つのショートは16.50ドルで、1つのパンツは22.50ドルで、1つのシューズは42ドルです。ミシュカがすべての衣服にどれだけお金を費やしたかを計算します。

まず、ショートの合計コストを計算します：
3 × 16.50ドル = 49.50ドル

次に、パンツの合計コストを計算します：
3 × 22.50ドル = 67.50ドル

そして、シューズの合計コストを計算します：
3 × 42ドル = 126ドル

最後に、すべてのコストを合計します：
49.50ドル + 67.50ドル + 126ドル = 243ドル

したがって、ミシュカはすべての衣服に243ドルを費やしました。$\boxed{243}$",243,243
mgsm-ja-27,"シンシアは毎晩アイスクリームを1サービング食べます。アイスクリームは15サービングずつ入ったカートンで、1カートンは$4.00です。60日間でシンシアはアイスクリームにどのくらいお金を使うでしょうか。

シンシアは1日1サービングを食べるので、60日間で60サービングのアイスクリームが必要です。1カートンには15サービング入っているため、シンシアは4カートンのアイスクリームを購入する必要があります（60 ÷ 15 = 4）。

1カートンは$4.00なので、4カートンのアイスクリームは$16.00（4 × 4 = 16）かかります。

シンシアは60日間でアイスクリームに$\boxed{16}$ドル使うことになります。",16,16
mgsm-ja-28,"Henryの自転車旅行では、最初に20マイル進んだ後で休憩をとりました。そして、旅行の最後の15マイル前で二度目の休憩をとったということです。Henryが最初の休憩から二度目の休憩まで走行した距離を計算しましょう。

Henryの旅行の総距離は60マイルです。最初の休憩後から最後の15マイル前までの距離を計算するために、最初の休憩後の距離と最後の15マイルの距離を合計します。

最初の休憩後の距離は20マイルです。旅行の最後の15マイル前までの距離は、60マイルから最後の15マイルを引いたものです。
\[ 60 - 15 = 45 \]

したがって、Henryが最初の休憩から二度目の休憩まで走行した距離は、最初の休憩後の距離と最後の15マイル前までの距離を足したものです。
\[ 20 + 45 - 20 = 45 \]

Henryが最初の休憩から二度目の休憩まで走行した距離は45マイルです。$\boxed{45}$",45,25
mgsm-ja-29,靴の価格を求めるために、まず高跟鞋の価格を計算します。一つの高跟鞋が $33 で、もう一つはその2倍の価格であるため、二つ目の高跟鞋の価格は $33 \times 2 = $66 です。高跟鞋の合計価格は $33 + $66 = $99 です。問題文によると、高跟鞋の合計価格は靴の価格より $5 少ないため、靴の価格は $99 + $5 = $104 です。したがって、靴の価格は $\boxed{104}$ ドルです。,104,104
mgsm-ja-30,"ダレルとアレンの年齢比は7:11です。彼らの現在の年齢の合計は162です。10年後、アレンの年齢を計算します。

まず、ダレルとアレンの年齢比を7xと11xとします。この比は彼らの現在の年齢を表しています。

\[ 7x + 11x = 162 \]

これを解くと：

\[ 18x = 162 \]
\[ x = \frac{162}{18} \]
\[ x = 9 \]

アレンの現在の年齢は：

\[ 11x = 11 \times 9 = 99 \]

10年後、アレンの年齢は：

\[ 99 + 10 = 109 \]

したがって、10年後、アレンの年齢は$\boxed{109}$です。",109,109
mgsm-ja-31,"まず、最初の友達の推定値は80です。次に、20更多于一半的推定值计算如下：
\[
\frac{80}{2} + 20 = 40 + 20 = 60
\]
第三位朋友的推定值是比第一位朋友的推定值多25%，计算如下：
\[
80 \times 1.25 = 100
\]
現在、推定値の合計を計算します：
\[
80 + 60 + 100 = 240
\]
平均推定値を計算するために、合計を3で割ります：
\[
\frac{240}{3} = 80
\]
したがって、彼らの平均推定値は$\boxed{80}$です。",80,80
mgsm-ja-32,ジョンは10匹の犬を世話しています。それぞれの犬は1日につき散歩やトイレの世話に0.5時間かかります。1週間にジョンが犬の世話に費やす時間は計算すると、まず1日あたりの犬の世話時間は10匹 × 0.5時間 = 5時間です。そして、1週間に5日間散歩をするので、5時間 × 7日 = 35時間となります。したがって、ジョンが犬の世話に1週間に費やす時間は$\boxed{35}$時間です。,35,35
mgsm-ja-33,グレッチンが持っている硬貨は110個です。金の硬貨は銀の硬貨よりも30個多いです。グレッチンが持っている金の硬貨の数は、まず金と銀の硬貨の総数を2つに分けるために、30を引きます。つまり、110 - 30 = 80です。この80は、金と銀の硬貨の数が等しい場合の数です。金の硬貨は銀の硬貨よりも30個多いので、金の硬貨の数は80の半分に30を足すことで計算できます。つまり、(80 / 2) + 30 = 40 + 30 = 70です。したがって、グレッチンが持っている金の硬貨の数は$\boxed{70}$です。,70,70
mgsm-ja-34,レイモンドが40個の宝石を持っている場合、アロンはレイモンドの宝石の半分に5個足した分だけ宝石を持っているので、アロンは \(\frac{40}{2} + 5 = 20 + 5 = 25\) 個の宝石を持っているはずです。そして、シーブハンはアロンの宝石の2個少ないだけなので、シーブハンは \(25 - 2 = 23\) 個の宝石を持っているはずです。$\boxed{23}$,23,23
mgsm-ja-35,マイクはピーポンゲームを40分間プレイしました。最初の20分間で彼は4点を獲得しました。次の20分間では、彼は25%更多的点数。最初の20分間の4点に25%を計算すると、4点の25%は1点です。したがって、次の20分間で彼は4点 + 1点 = 5点を獲得しました。したがって、マイクは合計で4点 + 5点 = 9点を獲得しました。$\boxed{9}$,9,9
mgsm-ja-36,"テリーは1日に2個のヨーグルトを食べています。ヨーグルトは4個で$5.00のセール価格です。30日間でヨーグルトにどれくらいお金がかかるか計算します。

まず、テリーが30日間で何個のヨーグルトを食べるか計算します。
\[ 2 \text{個/日} \times 30 \text{日} = 60 \text{個} \]

次に、ヨーグルトのセール価格から、テリーが60個のヨーグルトをどれくらいのお金で購入できるか計算します。
\[ 60 \text{個} \div 4 \text{個} = 15 \text{組} \]
\[ 15 \text{組} \times 5 \text{ドル} = 75 \text{ドル} \]

したがって、テリーは30日間でヨーグルトに$\boxed{75}$ドルを費やします。",75,75
mgsm-ja-37,ジョンは13個のレゴセットを$15で売却しました。彼は8つのビデオゲームを$20で購入し、5ドルの余裕がありました。彼はレゴセットをすべて売却したので、まだ持っているレゴセットの数は0個です。$\boxed{0}$,0,2
mgsm-ja-38,"ジョンは1週間に60マイルを走ります。彼は1週間に3日間走ります。最初の日には3時間走りますが、他の2日間は半分の時間しか走りません。彼の平均速度はどのくらいですか？

まず、最初の日には3時間走ります。他の2日間はその半分なので、それぞれ1.5時間走ります。

最初の日と他の2日間の合計時間は:
\[ 3 + 1.5 + 1.5 = 6 \text{時間} \]

ジョンが1週間に走る距離は60マイルです。平均速度を計算するために、距離を時間で割ります:
\[ \text{平均速度} = \frac{60 \text{マイル}}{6 \text{時間}} = 10 \text{マイル/時間} \]

したがって、ジョンの平均速度は$\boxed{10}$マイル/時間です。",10,10
mgsm-ja-39,"ダナはスキップする速度が彼女が走る速度の半分であると述べられ、スキップする速度は3マイル毎時間である。したがって、彼女が走る速度は6マイル毎時間である。彼女が走る速度は彼女が歩く速度の4倍であるため、彼女が歩く速度は1.5マイル毎時間である。

6時間のうち、彼女は1/3の時間走り、2/3の時間歩く。したがって、彼女は2時間走り、4時間歩く。

走る速度6マイル毎時間で2時間走ると、走った距離は$6 \times 2 = 12$マイルである。
歩く速度1.5マイル毎時間で4時間歩くと、歩いた距離は$1.5 \times 4 = 6$マイルである。

したがって、6時間で走った距離と歩いた距離の合計は$12 + 6 = 18$マイルである。

$\boxed{18}$",18,18
mgsm-ja-40,スージーのiPhoneは1年で、ベンのiPhoneはスージーのiPhoneの2倍古いということは、ベンのiPhoneは2年です。ブラントンのiPhoneはベンのiPhoneの4倍古いということは、ブラントンのiPhoneは8年です。$\boxed{8}$,8,8
mgsm-ja-41,ポリィが宝石石を手に持っている場合、彼女は javelin を通常の距離の3倍遠く投げることができます。通常の距離は400フィートなので、宝石石を手に持っている場合の投げ距離は $400 \times 3 = 1200$ フィートです。ドラゴンの炎の範囲は1000フィートなので、ポリィはドラゴンの炎の範囲から $1200 - 1000 = 200$ フィート離れた場所から javelin を投げることができます。$\boxed{200}$,200,200
mgsm-ja-42,"まず、グランマ・ジョーンズが焼いたリンゴのパイの数と、それぞれのパイの切れ数を計算します。グランマ・ジョーンズは5つのパイを焼きましたし、それぞれのパイは8切れに切られています。したがって、全体のパイの切れ数は \(5 \times 8 = 40\) 切れです。

その後、夕食の終わりに、14切れのパイが残っていることがわかりました。したがって、客が食べたパイの切れ数は、最初のパイの切れ数から残りのパイの切れ数を引くことで計算できます。つまり、\(40 - 14 = 26\) 切れです。

したがって、客が食べたパイの切れ数は $\boxed{26}$ です。",26,26
mgsm-ja-43,"まず、1日に2000カロリーの目標があり、すでに1800カロリーを摂取しています。したがって、残りのカロリーは2000 - 1800 = 200カロリーです。

次に、1袋のチップスは250カロリーで、5サービング分です。したがって、1サービングは50カロリーです。

残りの200カロリーで何サービング分のチップスを食べられるか計算します。200 ÷ 50 = 4サービングです。

最後に、1サービングあたりの重さを確認します。1袋は300gで5サービング分なので、1サービングは300 ÷ 5 = 60gです。

したがって、4サービング分のチップスは4 × 60 = 240gです。

$\boxed{240}$",240,48
mgsm-ja-44,"チャーリーはビーズワックスキャンドルを売ることに決めました。1ポンドのビーズワックスで10本のタペストリーキャンドルを作ることができます。1ポンドのビーズワックスとwickのコストは材料費で$10.00です。彼がキャンドルを$2.00で売ることにすると、20本のキャンドルを製造して売った場合の純利益は何ですか？

チャーリーが20本のキャンドルを作ることができるためには、20 ÷ 10 = 2 ポンドのビーズワックスが必要です。2 ポンドのビーズワックスとwickのコストは 2 × $10.00 = $20.00 です。

チャーリーが20本のキャンドルを売ることで得られる収入は 20 × $2.00 = $40.00 です。

純利益を計算するために、収入からコストを引きます。$40.00 - $20.00 = $20.00

チャーリーの純利益は $20.00 です。$\boxed{20}$",20,20
mgsm-ja-45,"まず、月曜日の記事数を確認します。月曜日に書いた記事数は5本です。

火曜日の記事数は月曜日の2/5倍多いので、
\[ 5 + 5 \times \frac{2}{5} = 5 + 2 = 7 \]
火曜日に7本の記事を書きました。

水曜日の記事数は火曜日の2倍なので、
\[ 7 \times 2 = 14 \]
水曜日に14本の記事を書きました。

次に、各日の記事数を合計します。
\[ 5 + 7 + 14 = 26 \]
合計で26本の記事を書きました。

各記事は平均4時間かかりますので、全体の時間を計算します。
\[ 26 \times 4 = 104 \]

したがって、3日間で Meredith は \boxed{104} 時間を文章作成に費やしました。",104,104
mgsm-ja-46,"キャンディスは最初に80枚のポストイットをポケットに入れて出かけました。途中でストアでポストイットのパッケージを購入し、仕事場では220杯のコーヒーにそれぞれ1枚のポストイットを付けました。彼女が全体として23枚のポストイットが残っていた場合、彼女が購入したパッケージに含まれていたポストイットの枚数はいくつかを計算します。

彼女が使ったポストイットの枚数は、最初の80枚に加えて、仕事場で使った220枚です。したがって、使ったポストイットの総数は $80 + 220 = 300$ 枚です。

彼女が残っていたポストイットの枚数は23枚なので、購入したパッケージに含まれていたポストイットの枚数は、使った枚数から残りの枚数を引きます。つまり、$300 - 23 = 277$ 枚です。

したがって、彼女が購入したパッケージに含まれていたポストイットの枚数は $\boxed{277}$ 枚です。",277,163
mgsm-ja-47,"ジョンは青いタイの2倍の赤いタイを買いました。赤いタイは青いタイの価格の50％高価です。彼は青いタイを$40eachで$200を費やしました。彼はタイに何を費やしましたか？

まず、青いタイの数を計算します。青いタイの価格が$40で、合計が$200なので、青いタイの数は \(\frac{200}{40} = 5\) 個です。

次に、赤いタイの数を計算します。青いタイの数が5なので、赤いタイの数は2倍、つまり10個です。

青いタイの価格が$40で、赤いタイは50％高価なので、赤いタイの価格は \(\frac{40 \times 1.5}{1} = 60\) ドルです。

赤いタイの数が10個なので、赤いタイの合計価格は \(10 \times 60 = 600\) ドルです。

青いタイと赤いタイの合計価格は \(\boxed{800}\) ドルです。",800,800
mgsm-ja-48,まず、4フィートのワイヤーを6インチの長さに切る場合、何本のワイヤーが得られるかを計算します。1フィートは12インチに等しいので、4フィートは$4 \times 12 = 48$インチです。次に、48インチのワイヤーを6インチの長さに切るためには、$48 \div 6 = 8$本のワイヤーが得られます。したがって、Tracyは$\boxed{8}$本のワイヤーを獲得します。,8,8
mgsm-ja-49,"まず、ビルの総ユニット数を計算します。ビルは15階建てで、各階に8ユニットがあります。したがって、総ユニット数は \(15 \times 8 = 120\) ユニットです。

次に、ビルの3/4が占拠されていることを考慮に入れます。占拠されているユニット数は \(120 \times \frac{3}{4} = 90\) ユニットです。

最後に、占拠されていないユニット数を計算します。総ユニット数から占拠されているユニット数を引くと、未占拠のユニット数は \(120 - 90 = 30\) ユニットです。

したがって、未占拠のユニット数は30です。$\boxed{30}$",30,30
mgsm-ja-50,"Lloydの鶏は1日252個の卵を産み、1 dozen（12個）を2ドルで販売します。1週間でどれだけ収入を得られるか計算しましょう。

1日あたりの卵の数は252個です。1 dozenは12個なので、1日に販売できる dozen数は:
\[ \frac{252}{12} = 21 \text{ dozen} \]

1 dozenを2ドルで販売するので、1日に得られる収入は:
\[ 21 \times 2 = 42 \text{ドル} \]

1週間は7日間なので、1週間の収入は:
\[ 42 \times 7 = 294 \text{ドル} \]

したがって、Lloydは1週間に \boxed{294} ドルを稼ぎます。",294,294
mgsm-ja-51,トムの船は1時間に10マイルを航行できます。彼は午後1時から4時まで航行します。その後、彼は6マイル毎時で帰ってきます。彼が帰るのにどのくらいの時間がかかるかは、彼がどのくらいの距離を航行したかによるので、その距離を知る必要があります。午後1時から4時まで3時間間隔で10マイル每時で航行すると、トムは30マイルを航行します。彼が6マイル每時で30マイルを航行するには、$\boxed{5}$時間かかります。,5,5
mgsm-ja-52,"Uriah needs to remove 15 pounds from his book bag. Each comic book weighs 1/4 pound, and he removes 30 comic books. The total weight of the comic books he removes is calculated as follows:

\[ 30 \times \frac{1}{4} = 7.5 \text{ pounds} \]

After removing the comic books, the remaining weight to be removed is:

\[ 15 - 7.5 = 7.5 \text{ pounds} \]

Each toy weighs 1/2 pound. To find out how many toys he needs to remove, we divide the remaining weight by the weight of each toy:

\[ \frac{7.5}{\frac{1}{2}} = 7.5 \times 2 = 15 \]

Therefore, Uriah needs to remove $\boxed{15}$ toys.",15,15
mgsm-ja-53,"木曜日にトラックのタイヤ6本とカーボックスのタイヤ4本を修理した場合、木曜日の収入は次のようになります：
トラックのタイヤの修理料金は60ドルで、6本修理したので、トラックのタイヤ修理の収入は \(60 \times 6 = 360\) ドルです。
カーボックスのタイヤの修理料金は40ドルで、4本修理したので、カーボックスのタイヤ修理の収入は \(40 \times 4 = 160\) ドルです。
したがって、木曜日の合計収入は \(360 + 160 = 520\) ドルです。

金曜日にカーボックスのタイヤ12本を修理した場合、金曜日の収入は次のようになります：
カーボックスのタイヤの修理料金は40ドルで、12本修理したので、カーボックスのタイヤ修理の収入は \(40 \times 12 = 480\) ドルです。
トラックのタイヤは修理していません。

したがって、金曜日の合計収入は480ドルです。

木曜日の収入と金曜日の収入を比較すると、木曜日の収入が高いため、木曜日の収入と金曜日の収入の差額は \(520 - 480 = 40\) ドルです。

したがって、木曜日に得た収入が金曜日よりも40ドル多く、この差額は $\boxed{40}$ ドルです。",40,40
mgsm-ja-54,"ダブtfァイの姉妹は、地元の動物保護施設から7匹のネコをadoptして家に帰ろうとしています。そのとき、母親から電話があり、家のネコたちが子ネコを産んだと告げられます。パッチィは最初のネコで、adoptされたネコの数の3倍の子ネコを産んだと母親は言います。トリッキーは他のネコで、12匹の子ネコを産んだと母親は言います。ダブtfァイの家族が現在持っているネコの数を計算しましょう。

まず、adoptされたネコの数は7匹です。次に、パッチィの子ネコの数はadoptされたネコの3倍なので、$7 \times 3 = 21$匹です。さらに、トリッキーの子ネコの数は12匹です。

これらをすべて足し合わせると、
\[7 + 21 + 12 = 40\]
ダブtfァイの家族が現在持っているネコの数は40匹です。

$\boxed{40}$",40,40
mgsm-ja-55,"ジェーンは30のロリポップを持っています。ジェーンは2つのロリポップを食べます。残りのロリポップを2つずつ1つの袋に詰めると、ジェーンは何個の袋を詰めることができますか？

30から2を引くと、ジェーンは28のロリポップを持っています。2つずつ1つの袋に詰めると、28を2で割ります。

$$
28 \div 2 = 14
$$

ジェーンは14個の袋を詰めることができます。$\boxed{14}$",14,14
mgsm-ja-56,ピーターは1回の映画館訪問で7ドルの映画チケットと7ドルのポップコーンを購入します。彼が1週間で使える合計金額は42ドルです。彼が映画館にいく回数を計算するために、彼が1回の訪問で使う合計金額を計算します。7ドルのチケットと7ドルのポップコーンは、合計14ドルです。彼が1週間で使える42ドルから、1回の訪問で使う14ドルを引きます。$42 - 14 = 28$ドルが残ります。彼が1回の訪問で使う金額14ドルで、残りの28ドルを割ります。$28 \div 14 = 2$回です。したがって、ピーターは1週間で映画館に2回行けます。$\boxed{2}$,2,3
mgsm-ja-57,"Wooden bridgeの重量制限は5000ポンドです。トラックは、それぞれ15ポンドの同じ大きさの箱で満載されています。運転手と空のトラックの総重量は3755ポンドです。トラックに積み込むことができる最大の箱の数を計算してみましょう。

まず、トラックと運転手の重量から橋の重量制限を引きます:
\[ 5000 - 3755 = 1245 \text{ポンド} \]

次に、この余裕の重量で何個の箱が積み込めるか計算します。各箱の重量は15ポンドなので:
\[ \frac{1245}{15} = 83 \]

したがって、トラックに積み込むことができる最大の箱の数は83個です。$\boxed{83}$",83,83
mgsm-ja-58,"最初の注文総額は$40.00でした。この注文には25%の手数料が加えられ、さらに$3.00の配達料と$4.00のチップが加えられました。これらの追加料金を考慮に入れた場合、最終的な注文総額は以下の計算で求められます。

$40.00 + (40.00 \times 0.25) + 3.00 + 4.00 = 40.00 + 10.00 + 3.00 + 4.00 = 57.00$

最終的な注文総額は$57.00です。$\boxed{57}$",57,57
mgsm-ja-59,"ラズベリーの木には、6つの果実の集まりがあり、それぞれ20個ずつあります。さらに、木には67個の個別の果実があります。ラズベリーの総数は、6つの集まりの果実数と67個の個別の果実数を足し合わせることで計算できます。

6つの集まりの果実数は、$6 \times 20 = 120$個です。

したがって、ラズベリーの総数は$120 + 67 = 187$個です。

$\boxed{187}$",187,187
mgsm-ja-60,"まず、全体のオレンジの数は25個です。そのうち1個が悪いので、24個が良質のオレンジとみなせます。しかし、20%が未熟であるため、20%の25個は5個となります。さらに、2個が酸っぱいです。したがって、良質のオレンジの数は24個から5個と2個を引いたものです。

計算すると、
\[ 24 - 5 - 2 = 17 \]

よって、良いオレンジは17個です。$\boxed{17}$",17,17
mgsm-ja-61,"Janet は娘のためにブローチを購入しました。彼女は材料費として 500 ドルを支払い、その後、宝石職人による製作費として 800 ドルを支払いました。その後、保険料としてその合計の 10% を支払いました。彼女が支払った総額は、材料費と製作費の合計から保険料を計算して得られます。

材料費と製作費の合計は、500 ドル + 800 ドル = 1300 ドルです。保険料はその合計の 10% なので、1300 ドル × 10% = 130 ドルです。

したがって、Janet が支払った総額は 1300 ドル + 130 ドル = 1430 ドルです。$\boxed{1430}$",1430,1430
mgsm-ja-62,"マーシーが会社に40年間勤務すると、彼女は年間50,000ドルの年金を受け取ることができます。20年経過後から、彼女は年金の値の5%を年間で受け取る権利が得られます。もし彼女が30年後に退職すると、彼女の年金は$\boxed{75000}$ドルになります。",75000,25000
mgsm-ja-63,"まず、最初の半年間の料金を計算します。140ドルを月額として、6ヶ月間の料金は$140 \times 6 = 840$ドルです。

次に、後半の半年間の料金を計算します。料金が10%安くなるので、140ドルの10%は$140 \times 0.10 = 14$ドルです。したがって、後半の月額料金は$140 - 14 = 126$ドルになります。後半の6ヶ月間の料金は$126 \times 6 = 756$ドルです。

最後に、最初の半年と後半の半年の料金を足し合わせます。$840 + 756 = 1596$ドルです。

したがって、 Aleena は1年間で$1596$ドルを支払いました。$\boxed{1596}$",1596,1596
mgsm-ja-64,ソフィアは、ガソリンタンクに12ガロンのガソリンを入れた場合、1回の給油でどれだけ走ることができるか知りたいと考えています。彼女は、ガソリンタンクを満タンにしたときに100マイル走行し、4ガロンのガソリンが必要だったとします。彼女の車のオーナーマニュアルによると、彼女の車は1回の給油で約300マイル走行することができます。したがって、ソフィアは1回の給油で$\boxed{300}$マイル走行することができます。,300,300
mgsm-ja-65,"ジムはテレビを見るのに2時間かかり、その後寝て半分の時間を読書に費やします。彼は1週間に3回この行動を繰り返します。4週間で、彼はテレビを見る時間と読書の時間を合計でどのくらい過ごすのでしょうか。

まず、1回の行動でテレビを見る時間と読書の時間を計算します：
- テレビを見る時間：2時間
- 読書の時間：2時間の半分 = 1時間

1回の行動で合計で過ごす時間は：
\[ 2 \text{時間} + 1 \text{時間} = 3 \text{時間} \]

1週間に3回この行動を繰り返すので、1週間で過ごす時間は：
\[ 3 \text{時間} \times 3 = 9 \text{時間} \]

4週間で過ごす時間は：
\[ 9 \text{時間} \times 4 = 36 \text{時間} \]

したがって、4週間でジムはテレビを見る時間と読書の時間を合計で $\boxed{36}$ 時間過ごします。",36,36
mgsm-ja-66,"4つの学校がバスケットボールトーナメントに参加しています。各学校は女子チームと男子チームをそれぞれ送り、各チームは5人の選手がいます。また、各チームにはコーチも送られています。合計で何人の人が学校から送られたかを計算します。

1. 各学校から送られた選手の数：女子チーム + 男子チーム = 5人 + 5人 = 10人
2. 4つの学校から送られた選手の合計数：4学校 × 10人 = 40人
3. 各学校から送られたコーチの数：4学校 × 1コーチ = 4人

したがって、合計で送られた人数は選手とコーチを足し合わせます：
40人 + 4人 = 44人

$\boxed{44}$",44,48
mgsm-ja-67,ダイヤモンドは175個ありました。ルビーはダイヤモンドよりも35個少ないため、ルビーの数は$175 - 35 = 140$個です。そして、エメラルドの数はルビーの2倍なので、エメラルドは$140 \times 2 = 280$個です。したがって、宝石の総数はダイヤモンド、ルビー、エメラルドの合計で、$175 + 140 + 280 = 595$個です。$\boxed{595}$,595,595
mgsm-ja-68,ドクター・ワルツの学校には男の子が女の子の2倍います。女の子が60人いる場合、男の子は120人います。したがって、学校には180人の生徒がいます。5人の生徒につき1人の教師が必要であるため、教師の数は$\boxed{36}$です。,36,36
mgsm-ja-69,ベイリーは8週間で毎週$5を受け取り、最終的に$100を持っているとします。彼女が受け取った合計の allowance は $5 \times 8 = $40 です。彼女が最終的に$100を持っているため、彼女が最初に持っていた金額は $100 - $40 = $60 です。したがって、ベイリーは最初に \boxed{60} ドルを持っていたのです。,60,60
mgsm-ja-70,"Judyが1週間でどれだけのお金を稼ぐかを計算します。まず、彼女が週に教えるクラスの数を計算します。月曜日から金曜日まで彼女は毎日5クラスを教え、土曜日には8クラスを教えます。したがって、彼女が週に教えるクラスの総数は、5クラス×5日+8クラス=25クラス+8クラス=33クラスです。

次に、1クラスに15人の学生がいることを考慮に入れ、彼女が週に教える学生の総数を計算します。33クラス×15人=495人です。

最後に、彼女が$15.00を1人につき料金として設定していることを考慮に入れ、彼女が1週間で稼ぐ総額を計算します。495人×$15.00=$7425.00です。

したがって、Judyが1週間で稼ぐ総額は$\boxed{7425}$ドルです。",7425,7425
mgsm-ja-71,Kelianが2つのレシピを持っています。一つ目のレシピは20の手順で、二つ目のレシピは最初のものよりも2倍の手順を持っています。したがって、二つ目のレシピには \(20 \times 2 = 40\) の手順があります。したがって、Kelianが両方の料理を準備するために読む必要がある手順の総数は \(20 + 40 = 60\) です。$\boxed{60}$,60,60
mgsm-ja-72,"Tommyがチャリティのために焼き菓子を販売しており、ブラウニーは1切れ3ドル、チーズケーキは1切れ4ドルです。Tommyが43切れのブラウニーと23切れのチーズケーキを販売した場合、Tommyはどれだけのお金を募金に集めることができますか？

まず、ブラウニーの売り上げを計算します。
ブラウニーの価格は1切れ3ドルで、Tommyが43切れ販売した場合：
\[ 43 \times 3 = 129 \text{ドル} \]

次に、チーズケーキの売り上げを計算します。
チーズケーキの価格は1切れ4ドルで、Tommyが23切れ販売した場合：
\[ 23 \times 4 = 92 \text{ドル} \]

最後に、ブラウニーとチーズケーキの売り上げを足して、Tommyが集めた合計金額を計算します：
\[ 129 + 92 = 221 \text{ドル} \]

したがって、Tommyは$\boxed{221}$ドルを集めることができます。",221,221
mgsm-ja-73,"Sheilaが5台の携帯電話を各150ドルで3ヶ月にわたる支払いで購入し、各単位に対して2%の利子が課される場合、Sheilaは3ヶ月間何ドルずつ支払う必要があるか計算します。

まず、5台の携帯電話の合計価格を計算します：
\[ 5 \times 150 = 750 \text{ドル} \]

次に、各単位に対して2%の利子がかかるため、合計利子を計算します：
\[ 750 \times 0.02 = 15 \text{ドル} \]

したがって、合計支払い額は：
\[ 750 + 15 = 765 \text{ドル} \]

この合計金額を3ヶ月間にわたる支払いに分割します：
\[ \frac{765}{3} = 255 \text{ドル} \]

したがって、Sheilaは3ヶ月間毎月255ドルずつ支払う必要があります。$\boxed{255}$",255,255
mgsm-ja-74,"アーティーは農民市場で花屋を営んでおり、マリーゴールド、ペチュニア、ベゴニアの3種類の花を販売しています。マリーゴールドは1 pots あたり2.74ドル、ペチュニアは1 pots あたり1.87ドル、ベゴニアは1 pots あたり2.12ドルで販売しています。今日アーティーは金銭の準備が出来ていないので、すべての価格を最も近いドルに丸めることに決めました。マリーゴールド12 pots、ペチュニア9 pots、ベゴニア17 potsを販売した場合、アーティーはどれだけ得ることができますか？

マリーゴールドの価格を最も近いドルに丸めると、2ドルになります。ペチュニアの価格を最も近いドルに丸めると、2ドルになります。ベゴニアの価格を最も近いドルに丸めると、2ドルになります。

マリーゴールドを12 pots 販売した場合の収益は、12 pots × 2ドル = 24ドルです。
ペチュニアを9 pots 販売した場合の収益は、9 pots × 2ドル = 18ドルです。
ベゴニアを17 pots 販売した場合の収益は、17 pots × 2ドル = 34ドルです。

これらを合計すると、アーティーは24ドル + 18ドル + 34ドル = 76ドルを得ることができます。

$\boxed{76}$",76,88
mgsm-ja-75,"ルーカスがビーチで砂城を作っているとき、彼は各階の面積が下の階の半分であることに気づきます。彼が4階建ての砂城を作る場合、上部の階の面積が16であるとします。各階の平均面積は何かを計算します。

1階の面積は16の2倍、つまり32です。
2階の面積は32の2倍、つまり64です。
3階の面積は64の2倍、つまり128です。

階の面積を足し合わせて、16 + 32 + 64 + 128 = 240です。

4つの階の平均面積は、合計面積を階数で割ることで計算できます。したがって、240 ÷ 4 = 60です。

つまり、各階の平均面積は60です。$\boxed{60}$",60,60
mgsm-ja-76,Ceciliaの新しいダックスフンドに食事を与える必要がある日数を計算します。最初の180日間は、毎日1杯の食事を与える必要があります。したがって、最初の180日間の食事量は180杯です。1年間は365日ありますので、残りの日数は365 - 180 = 185日です。その後の日数は、毎日2杯の食事を与える必要があるため、185日間の食事量は185 × 2 = 370杯です。したがって、最初の1年間の合計食事量は180 + 370 = 550杯です。1袋の食料は110杯なので、 Ceciliaが最初の1年間に使用する食料袋の数は550 ÷ 110 = 5袋です。したがって、 Ceciliaが最初の1年間に使用する食料袋の数は$\boxed{5}$です。,5,5
mgsm-ja-77,"-Raymondがサarahの洗濯の半分だけ洗濯をします。
-サarahがデビッドの4倍だけ洗濯をするので、サarahが400ポンドの洗濯をすると、デビッドは100ポンドの洗濯をします。
-Raymondがデビッドの2倍だけ洗濯をするので、デビッドが100ポンドの洗濯をすると、Raymondは200ポンドの洗濯をします。
-Raymondとデビッドの洗濯の差は100ポンドです。

$\boxed{100}$",100,100
mgsm-ja-78,"まず、3本入りのパッケージで18本を購入する場合を考えます。18を3で割ると6パック分になります。各パックは$2.50なので、合計は$2.50 \times 6 = $15.00 です。

次に、2本入りのパッケージで18本を購入する場合を考えます。18を2で割ると9パック分になります。各パックは$1.00なので、合計は$1.00 \times 9 = $9.00 です。

2本入りのパッケージの方が安いため、3本入りのパッケージで購入した場合と比較して、差額を計算します。$15.00 - $9.00 = $6.00 です。

したがって、18本を2本入りのパッケージで購入することで、$6.00 を節約できます。$\boxed{6}$",6,6
mgsm-ja-79,ジョンは犬を飼い始めて、その犬を grooming に連れて行きました。最初の料金は100ドルですが、新しい顧客割引で30%の割引が適用されます。つまり、割引後の料金は100ドルから30%を引いた金額になります。計算すると、$100 \times (1 - 0.30) = 100 \times 0.70 = 70$ ドルです。$\boxed{70}$,70,70
mgsm-ja-80,"まず、2人の女の子がそれぞれ24リットルの水の1/6をもらったとします。1人当たりの水の量は、
\[
\frac{1}{6} \times 24 = 4 \text{リットル}
\]
2人の女の子が合計で受け取った水の量は、
\[
4 \times 2 = 8 \text{リットル}
\]
また、1人の男の子が6リットルの水を受け取ったので、合計で受け取られた水の量は、
\[
8 + 6 = 14 \text{リットル}
\]
最初の24リットルから14リットルを引くと、残りの水の量は、
\[
24 - 14 = 10 \text{リットル}
\]
したがって、残りの水の量は$\boxed{10}$リットルです。",10,10
mgsm-ja-81,チャーリーは最初に10つのステッカーを持っていた。彼はショッピングモールの店で21つのステッカーを購入し、誕生日に23つのステッカーをもらった。その後、チャーリーは妹に9つのステッカーをあげ、28つのステッカーを使用して挨拶カードを飾った。チャーリーは最後に$\boxed{17}$つのステッカーを持っている。,17,17
mgsm-ja-82,グレースの体重は125ポンドです。アレックスの体重はグレースの体重の4倍より2ポンド少ないです。まず、グレースの体重の4倍を計算します。$4 \times 125 = 500$ポンドです。次に、アレックスの体重を計算します。$500 - 2 = 498$ポンドです。最後に、グレースとアレックスの体重を合計します。$125 + 498 = 623$ポンドです。したがって、彼らの合計体重は$\boxed{623}$ポンドです。,623,623
mgsm-ja-83,"DANが3つのローズブッシュを植えました。各ローズブッシュには25本のローズがあります。各ローズには8本の棘があります。合計でいくつの棘がありますか？

 DANが植えたローズブッシュの数は3つで、各ブッシュには25本のローズがあります。したがって、合計のローズの数は3 × 25 = 75本です。各ローズには8本の棘がありますから、合計の棘の数は75 × 8 = 600本です。

600 $\boxed{600}$",600,600
mgsm-ja-84,"まず、チームが勝った試合数を \(x\) とします。すると、負けた試合数は \(x - 8\) となります。チームが合計で22試合を戦ったので、勝った試合数と負けた試合数の合計は22です。つまり、
\[ x + (x - 8) = 22 \]

この方程式を解いていきます。
\[ 2x - 8 = 22 \]
\[ 2x = 30 \]
\[ x = 15 \]

したがって、チームは15試合を勝利しました。$\boxed{15}$",15,15
mgsm-ja-85,"Geneは4年ごとに1回の旅行をしています。彼は23歳から旅行を始め、現在34歳です。彼が旅行を始めてから何年経過したかを計算します。

34歳 - 23歳 = 11年

旅行を4年ごとに1回行っているため、11年間で何回旅行したかを計算します。

11年 ÷ 4年/回 = 2.75回

整数部分2回を計算し、残りの0.75回を4年で割ると、1年間に約3回の旅行をしたとみなすことができます。

1年間に旅行回数を計算すると、
2回 + (0.75回 × 11年) = 2回 + 8.25回 ≈ 11回

各旅行から1つのブロックが作られるため、彼が持っているブロックの総数は11です。

$\boxed{11}$",11,44
mgsm-ja-86,"Gregのアラームは一日に3回鳴ります。アラームが鳴った最初の回は4回鳴りました。二回目は最初の回の3倍の長さで鳴りました。三回目は二回目の半分の長さで鳴りました。つまり、三回目のアラームは最初の回の\(\frac{3}{2}\)の長さで鳴りました。

最初の回の回数は4回です。
二回目は最初の回の3倍の長さで鳴ったので、回数は \(4 \times 3 = 12\) 回です。
三回目は二回目の半分の長さで鳴ったので、回数は \(12 \div 2 = 6\) 回です。

したがって、アラームが鳴った総回数は \(4 + 12 + 6 = 22\) 回です。

$\boxed{22}$",22,22
mgsm-ja-87,"シーヴィーが会社に5年目を迎えたときの月給は、最初の月給600ドルを10%増やしたものです。つまり、5年目の月給は \[600 \times 1.10 = 660\] ドルになります。

シーヴィーが会社に5年目を迎えた後、さらに3年間働きます。毎年10%の昇給を受けるため、3年間で月給は次のように増加します。

1年目の月給: \[660 \times 1.10 = 726\] ドル
2年目の月給: \[726 \times 1.10 = 798.6\] ドル
3年目の月給: \[798.6 \times 1.10 = 878.46\] ドル

シーヴィーの3年後の年間給与は、3年目の月給を12ヶ月分に換算したものです。つまり、\[878.46 \times 12 = 10541.52\] ドルになります。

したがって、シーヴィーの3年後の年間給与は $\boxed{10541.52}$ ドルです。",52,9360
mgsm-ja-88,"マーリンの最初のレコードはハルハルのものよりも10倍の枚数を売りました。合計で88,000枚を売った場合、ハルハルはどれだけ枚数を売ったでしょうか？

ハルハルが売った枚数を \(x\) とすると、マーリンが売った枚数は \(10x\) になります。これらを合計すると、
\[x + 10x = 88,000\]
\[11x = 88,000\]

両辺を11で割ると、
\[x = \frac{88,000}{11} = 8,000\]

したがって、ハルハルは8,000枚を売ったです。$\boxed{8000}$",8000,8000
mgsm-ja-89,"クリスティーナは16人の友人を招待し、出席者が4分の1欠席するため、各招待されたゲストにつき0.75のギフトバッグが必要です。欠席者が4分の1なので、実際に出席する人数は16人の4分の3です。計算すると、
\[ 16 \times \frac{3}{4} = 12 \]
12人のゲストが出席すると計算できます。各ゲストにつき0.75のギフトバッグが必要なので、
\[ 12 \times 0.75 = 9 \]
必要となるギフトバッグの数は9つです。ギフトバッグは1つあたり2ドルなので、
\[ 9 \times 2 = 18 \]
クリスティーナはギフトバッグに18ドルを費やすことになります。$\boxed{18}$",18,24
mgsm-ja-90,"テッドのトロータンは、 dinosaur ピクニックでポテトサラダを持っていく計画です。成年恐龙は10ポンドのポテトサラダを食べ、子供は成年恐龙の半分だけ食べます。ピクニックには20人の成年恐龙と5人の子供がいる場合、テッドはみんなに食べさせるためにどれだけのポテトサラダを持っていく必要がありますか？

成年恐龙は10ポンド、子供はその半分の5ポンドを食べます。20人の成年恐龙は $20 \times 10 = 200$ ポンド、5人の子供は $5 \times 5 = 25$ ポンドを食べます。したがって、テッドは $200 + 25 = 225$ ポンドのポテトサラダを持っていく必要があります。

$\boxed{225}$",225,225
mgsm-ja-91,シドニーには4匹のペットがあります。シドニーのペットの数はシンディの2匹以上です。つまり、シンディには \(4 - 2 = 2\) ペットがあります。ジャンにはシンディのペットの3倍の数がありますので、ジャンには \(2 \times 3 = 6\) ペットがあります。したがって、シンディ、マルシア、ジャンの合計ペットの数は \(4 + (2 + 4) + 6 = 4 + 6 + 6 = 16\) です。$\boxed{16}$,16,28
mgsm-ja-92,ジェイムズは10歳で、コリーの1年若いためコリーは11歳です。アmyはコリーの2年若いため、アmyは9歳です。そして、ジェイムズはアmyの1年上で、これは条件に合致しています。最後に、ジェイムズはジェイクソンの1年上なので、ジェイクソンは9-1=8歳です。$\boxed{8}$,8,4
mgsm-ja-93,"Lee は以前にジェラルドより2秒早く400メートルハードルを走ることができました。しかし、ジェラルドは食事の改善によって速さが10%向上しました。もしリーが400メートルハードルを38秒で走ることができるのであれば、ジェラルドは改善した食事のおかげでどのくらいの速さで走ることができるでしょうか。

まず、ジェラルドの以前の記録を計算します。リーが2秒早く走ることができたので、ジェラルドの記録は38秒 + 2秒 = 40秒でした。

ジェラルドの速さが10%向上したので、新しい記録は40秒 × (1 + 0.10) = 40秒 × 1.10 = 44秒 ÷ 1.10 = 40秒 × 1.1 = 44秒 ÷ 1.1 = 40秒 × 1.1 = 44秒 ÷ 1.1 = 40秒 × 1.1 = 44秒 ÷ 1.1 = 40秒 × 1.1 = 44秒 ÷ 1.1 = 40秒 × 1.1 = 44秒 ÷ 1.1 = 40秒 × 1.1 = 44秒 ÷ 1.1 = 40秒 × 1.1 = 44秒 ÷ 1.1 = 40秒 × 1.1 = 44秒 ÷ 1.1 = 40秒 × 1.1 = 44秒 ÷ 1.1 = 40秒 × 1.1 = 44秒 ÷ 1.1 = 40秒 × 1.1 = 44秒 ÷ 1.1 = 40秒 × 1.1 = 44秒 ÷ 1.1 = 40秒 × 1.1 = 44秒 ÷ 1.1 = 40秒 × 1.1 = 44秒 ÷ 1.1 = 40秒 × 1.1 = 44秒 ÷ 1.1 = 40秒 × 1.1 = 44秒 ÷ 1.1 = 40秒 × 1.1 = 44秒 ÷ 1.1 = 40秒 × 1.1 = 44秒 ÷ 1.1 = 40秒 × 1.1 = 44秒 ÷ 1.1 = 40秒 × 1.1 = 44秒 ÷ 1.1 = 40秒 × 1.1 = 44秒 ÷ 1.1 = 40秒 × 1.1 = 44秒 ÷ 1.1 = 40秒 × 1.1 = 44秒 ÷ 1.1 = 40秒 × 1.1 = 44秒 ÷ 1.1 = 40秒 × 1.1 = 44秒 ÷ 1.1 = 40秒 × 1.1 = 44秒 ÷ 1.1 = 40秒 × 1.1 = 44秒 ÷ 1.1 = 40秒 × 1.1 = 44秒 ÷ 1.1 = 40秒 × 1.1 = 44秒 ÷ 1.1 = 40秒 × 1.1 = 44秒 ÷ 1.1 = 40秒 × 1.1 = 44秒 ÷ 1.1 = 40秒 × 1.1 = 44秒 ÷ 1.1 = 40秒 × 1.1 = 44秒 ÷ 1.1 = 40秒 × 1.1 = 44秒 ÷ 1.1 = 40秒 × 1.1 = 44秒 ÷ 1.1 = 40秒 × 1.1 = 44秒 ÷ 1.1 = 40秒 × 1.1 = 44秒 ÷ 1.1 = 40秒 × 1.1 = 44秒 ÷ 1.1 = 40秒 × 1.1 = 44秒 ÷ 1.1 = 40秒 × 1.1 = 44秒 ÷ 1.1 = 40秒 × 1.1 = 44秒 ÷ 1.1 = 40秒 × 1.1 = 44秒 ÷ 1.1 = 40秒 × 1.1 = 44秒 ÷ 1.1 = 40秒 × 1.1 = 44秒 ÷ 1.1 = 40秒 × 1.1 = 44秒 ÷ 1.1 = 40秒 × 1.1 = 44秒 ÷ 1.1 = 40秒 × 1.1 = 44秒 ÷ 1.1 = 40秒 × 1.1 = 44秒 ÷ 1.1 = 40秒 × 1.1 = 44秒 ÷ 1.1 = 40秒 × 1.1 = 44秒 ÷ 1.1 = 40秒 × 1.1 = 44秒 ÷ 1.1 = 40秒 × 1.1 = 44秒 ÷ 1.1 = 40秒 × 1.1 = 44秒 ÷ 1.1 = 40秒 × 1.1 = 44秒 ÷ 1.1 = 40秒 × 1.1 = 44秒 ÷ 1.1 = 40秒 × 1.1 = 44秒 ÷ 1.1 = 40秒 × 1.1 = 44秒 ÷ 1.1 = 40秒 × 1.1 = 44秒 ÷ 1.1 = 40秒 × 1.1 = 44秒 ÷ 1.1 = 40秒 × 1.1 = 44秒 ÷ 1.1 = 40秒 × 1.1 = 44秒 ÷ 1.1 = 40秒 × 1.1 = 44秒 ÷ 1.1 = 40秒 × 1.1 = 44秒 ÷ 1.1 = 40秒 × 1.1 = 44秒 ÷ 1.1 = 40秒 × 1.1 = 44秒 ÷ 1.1 = 40秒 × 1.1 = 44秒 ÷ 1.1 = 40秒 × 1.1 = 44秒 ÷ 1.1 = 40秒 × 1.1 = 44秒 ÷ 1.1 = 40秒 × 1.1 = 44秒 ÷ 1.1 = 40秒 × 1.1 = 44秒 ÷ 1.1 = 40秒 × 1.1 = 44秒 ÷ 1.1 = 40秒 × 1.1 = 44秒 ÷ 1.1 = 40秒 × 1.1 = 44秒 ÷ 1.1 = 40秒 × 1.1 = 44秒 ÷ 1.1 = 40秒 × 1.1 = 44秒 ÷ 1.1 = 40秒 × 1.1 = 44秒 ÷ 1.1 = 40秒 × 1.1 = 44秒 ÷ 1.1 = 40秒 × 1.1 = 44秒 ÷ 1.1 = 40秒 × 1.1 = 44秒 ÷ 1.1 = 40秒 × 1.1 = 44秒 ÷ 1.1 = 40秒 × 1.1 = 44秒 ÷ 1.1 = 40秒 × 1.1 = 44秒 ÷ 1.1 = 40秒 × 1.1 = 44秒 ÷ 1.1 = 40秒 × 1.1 = 44秒 ÷ 1.1 = 40秒 × 1.1 = 44秒 ÷ 1.1 = 40秒 × 1.1 = 44秒 ÷ 1.1 = 40秒 × 1.1 = 44秒 ÷ 1.1 = 40秒 × 1.1 = 44秒 ÷ 1.1 = 40秒 × 1.",1,36
mgsm-ja-188,"traderが小麦を1袋あたり$20で農家から購入し、1袋あたり$2で輸送費を支払った場合、 traderがすべての袋を$30で販売して合計で$400の利益を得たので、 traderは何袋を販売したかを計算します。

まず、1袋あたりのコストを計算します。購入コストは$20で、輸送費は$2なので、1袋あたりの総コストは$20 + $2 = $22です。

次に、1袋あたりの利益を計算します。販売価格は$30で、総コストは$22なので、1袋あたりの利益は$30 - $22 = $8です。

最後に、 traderが$400の利益を得たので、販売した袋の数を計算します。$400を1袋あたりの利益$8で割ると、袋の数は$\boxed{50}$です。",50,50
mgsm-ja-189,まず、友達がチケットに支払った金額は $20.25 です。食事に支払った金額はチケットの $4.50 少ないため、食事の費用は $20.25 - $4.50 = $15.75 です。次に、2つの遊園地の乗り物料金は $33 \times 2 = $66 です。すべての費用を合計すると、$20.25 + $15.75 + $66 = $102 です。3人の友達が等しく負担するためには、$102 \div 3 = $34 です。したがって、それぞれが支払う金額は $34 です。$\boxed{34}$,34,34
mgsm-ja-190,"ジョンは3時間かけて桃を収集します。彼は1分間に2個の桃を収集できます。彼は合計でどのくらいの桃を収集しますか？

1時間は60分なので、3時間は $3 \times 60 = 180$ 分です。1分間に2個の桃を収集できるので、180分間で収集できる桃の数は $180 \times 2 = 360$ 個です。

$\boxed{360}$",360,360
mgsm-ja-191,"まず、10羽の鸭が1週間で必要とする昆虫の量を計算します。1羽の鸭は1週間で3.5ポンドの昆虫が必要です。

10羽の鸭が1週間で必要とする昆虫の量は、
\[ 10 \times 3.5 = 35 \text{ポンド} \]

次に、1週間（7日間）で35ポンドの昆虫が必要なので、1日あたりの必要量は
\[ \frac{35}{7} = 5 \text{ポンド} \]

したがって、10羽の鸭が1日あたりに必要とする昆虫の量は$\boxed{5}$ポンドです。",5,5
mgsm-ja-192,"トムは1年間に10本の木を植え、同じく2本の木を伐採します。彼は最初に50本の木を持っています。10年後、木の30%が死んでしまいます。彼は最後に何本の木を持っていますか？

トムは1年間に10本の木を植え、2本の木を伐採するので、1年間に增加する木の数は8本です。10年間で増加する木の数は、$8 \times 10 = 80$本です。

トムは最初に50本の木を持っています。10年間で80本の木が増加したので、10年後の木の総数は$50 + 80 = 130$本です。

10年後に30%の木が死んでしまうので、死んだ木の数は$130 \times 0.30 = 39$本です。残った木の数は$130 - 39 = 91$本です。

トムは最後に$\boxed{91}$本の木を持っています。",91,91
mgsm-ja-193,"金曜日の朝、サウスの前庭に18匹のピンクのプラスチックフラミンゴが置かれました。土曜日の朝、近所の人はフラミンゴのうちの1/3を取って、白に塗り直し、それをサウスの前庭に再び置きました。そして日曜日の朝には、もう18匹のピンクのプラスチックフラミンゴを追加しました。日曜日の正午に、ピンクのフラミンゴの方が白いフラミンゴよりもいくつ多いでしょうか。

土曜日の朝に1/3を取り除いた後、残っているピンクのフラミンゴは $18 - \frac{18}{3} = 18 - 6 = 12$ 匹です。日曜日の朝にさらに18匹を追加したので、ピンクのフラミンゴは $12 + 18 = 30$ 匹になりました。

土曜日に白に塗り直したフラミンゴは18匹です。

したがって、ピンクのフラミンゴの方が白いフラミンゴよりも $30 - 18 = 12$ 匹多いです。

$\boxed{12}$",12,24
mgsm-ja-194,"Violettaが新しい crayon を買いたいです。彼女は5つの異なる色の crayon を必要としており、購入のために20ドルを準備しました。1つの crayon の価格は2ドルです。彼女はどのくらいの小銭をもらうことができますか？

Violettaが必要とする crayon の総数は5個です。1つの crayon の価格が2ドルなので、5つの crayon の総価格は $2 \times 5 = 10$ ドルです。

Violettaが準備した金額は20ドルなので、彼女が得られる小銭は $20 - 10 = 10$ ドルです。

$\boxed{10}$",10,10
mgsm-ja-195,"まず、ペンの価格を計算します。ペンの価格は鉛筆と消しゴムの合計価格と等しいです。鉛筆の価格は1.20ドルで、消しゴムの価格は0.30ドルです。

ペンの価格は：
\[ 1.20 + 0.30 = 1.50 \text{ドル} \]

次に、8本のペンの合計価格を計算します。1本のペンが1.50ドルであるので、8本のペンの価格は：
\[ 8 \times 1.50 = 12 \text{ドル} \]

したがって、8本のペンの価格は$\boxed{12}$ドルです。",12,12
mgsm-ja-196,200 ポンドの人参を40軒のレストランに分配する場合、各レストランは2 ポンドの人参を受け取る予定です。どのレストランでも2 ポンドずつ配布されるので、40軒に分配するには必要な総量は \(40 \times 2 = 80\) ポンドです。したがって、配布されない人参の量は \(200 - 80 = 120\) ポンドとなります。$\boxed{120}$,120,120
mgsm-ja-197,"ソダ市の人口は23786人で、その内訳は男性8417人、女性9092人です。残りは子供たちです。子供の人数を計算するために、男性と女性の合計から総人口を引きます。

\[ 23786 - (8417 + 9092) = 23786 - 17509 = 6277 \]

したがって、ソダ市の子供の人数は$\boxed{6277}$です。",6277,6277
mgsm-ja-198,"エーリーンは最初に20枚のポケモンカードを持っていました。1ヶ月後、彼女はその数の3倍のカードを集めました。2ヶ月目には、1ヶ月目に集めたカードの20枚少ない枚数のカードを集めました。3ヶ月目には、1ヶ月目と2ヶ月目に集めたカードの合計枚数の2倍のカードを集めました。エーリーンは現在何枚のポケモンカードを持っているか計算します。

1ヶ月目：20枚
2ヶ月目：3 × 20 = 60枚
3ヶ月目：2 × (20 + 60) = 2 × 80 = 160枚

合計：20 + 60 + 160 = 240枚

エーリーンは現在$\boxed{240}$枚のポケモンカードを持っているです。",240,320
mgsm-ja-199,マークは週に1000文を編集し、そのうちの半分500文は出版社Aで、残りの500文は出版社Bで編集します。出版社Aは1文につき5セントを支払いますが、出版社Bは出版社Aの2倍の10セントを支払います。したがって、マークは出版社Aから500文 × 5セント = 2500セント、出版社Bから500文 × 10セント = 5000セントを支払われます。マークが週に得る金額は、2500セント + 5000セント = 7500セントです。マークは週に$\boxed{7500}$セントを得ます。,7500,7500
mgsm-ja-200,バルドurは毎朝5つのバケツ分、そして毎昼に6つのバケツ分の水を汲み上げます。各バケツには5リットルの水が入っています。したがって、バルドurが毎日汲み上げる水の量は、(5 + 6) × 5 = 55リットルです。$\boxed{55}$,55,55
mgsm-ja-201,"ジョンが賞を受賞し、その賞には一回限りの現金賞与が5000ドルと年間給与の5%の昇給が付与されます。彼は年間52週間働いて、毎週2000ドルを稼いでいます。賞を受賞したのは年の最初の日でした。その年、彼がどれだけのお金を稼いだかを計算します。

まず、昇給後の年収を計算します。昇給は5%なので、昇給後の週給は2000ドル × 1.05 = 2100ドルになります。

次に、昇給後の年収を計算します。2100ドル × 52週 = 109,200ドルです。

さらに、現金賞与を加えると、109,200ドル + 5000ドル = 114,200ドルになります。

したがって、ジョンがその年稼いだ金額は$\boxed{114200}$ドルです。",114200,
mgsm-ja-202,josieの畑は10エーカーあります。1エーカーあたり1年で5トンのぶどうを収穫できます。1トンのぶどうから2バッケルのワインが作れます。したがって、josieの畑は1年で$10 \times 5 \times 2 = 100$バッケルのワインを生産します。$\boxed{100}$,100,100
mgsm-ja-203,"カルはこの週の昼食としてサンドイッチを毎日食べました。各サンドイッチには2枚のチーズを用了。彼は卵とチーズのオムレツを3日間朝食に食べ、サンドイッチのチーズの量よりも1枚多く用了。彼はこの週のいくつかの夕食のために大量のマカロニとチーズの料理を作り、その中には8枚のチーズを用了。この週にカルがチーズを使った総数は以下の通りです。

まず、カルがサンドイッチに使ったチーズの数を計算します。カルはこの週の7日間サンドイッチを食べ、各サンドイッチには2枚のチーズを使用しました。したがって、サンドイッチに使ったチーズの数は \(7 \times 2 = 14\) 枚です。

次に、カルがオムレツに使ったチーズの数を計算します。カルは3日間オムレツを食べ、各オムレツにはサンドイッチのチーズの量よりも1枚多く使用しました。つまり、各オムレツには3枚のチーズを使用しました。したがって、オムレツに使ったチーズの数は \(3 \times 3 = 9\) 枚です。

最後に、カルがマカロニとチーズの料理に使ったチーズの数は8枚です。

これらを合計すると、カルがこの週に使ったチーズの総数は \(14 + 9 + 8 = 31\) 枚です。

カルがこの週に使ったチーズの総数は$\boxed{31}$枚です。",31,31
mgsm-ja-204,Janet が青いペンと赤いペンの袋を購入した後、青いペンは \(6 \times 9 = 54\) 個、赤いペンは \(2 \times 6 = 12\) 個持っています。 Janet が持っていた緑のペンと黄色いペンを加えると、緑のペンは 22 個、黄色いペンは 10 個なので、合計は \(22 + 10 + 54 + 12 = 98\) 個です。 Janet は現在 $\boxed{98}$ 個のペンを持っています。,98,98
mgsm-ja-205,"まず、Brinleyが得点を平均化するためには、6つのテストのうち最低点を1つ除いて残りの5つのテストの平均を93にしたいということです。Brinleyが得た5つのテストの得点は89、71、92、100、86です。これらの得点の合計を計算します。

\[ 89 + 71 + 92 + 100 + 86 = 438 \]

Brinleyが6番目のテストで得点 \( x \) を取った場合、6つのテストの合計は \( 438 + x \) になります。最低点を除いた5つのテストの平均を93にしたいので、次のように計算します。

\[ \frac{438 + x - \min(89, 71, 92, 100, 86)}{5} = 93 \]

最小点は71なので、式は次のようになります。

\[ \frac{438 + x - 71}{5} = 93 \]

次に、式を解いて\( x \)を求めます。

\[ \frac{367 + x}{5} = 93 \]

両辺を5で割ります。

\[ 367 + x = 465 \]

次に、367を引きます。

\[ x = 465 - 367 \]
\[ x = 98 \]

Brinleyは6番目のテストで98点を取る必要があります。$\boxed{98}$",98,98
mgsm-ja-206,"マイケルは1週間に少なくとも5回自転車に乗っていました。1回あたり25キロメートル走りました。彼は4週間そのように続け、その後、彼は自転車に乗る回数を週に2回に減らしましたが、1回あたり60キロメートル走りました。彼はそのように3週間続けました。マイケルは合計で何キロメートル走りましたか？

まず、最初の4週間について計算します。1回あたり25キロメートルで、1週間に5回走るので、1週間あたりの距離は \(25 \times 5 = 125\) キロメートルです。4週間なので、合計は \(125 \times 4 = 500\) キロメートルです。

次に、次の3週間について計算します。1回あたり60キロメートルで、1週間に2回走るので、1週間あたりの距離は \(60 \times 2 = 120\) キロメートルです。3週間なので、合計は \(120 \times 3 = 360\) キロメートルです。

最後に、2つの期間の距離を足して合計を計算します。500キロメートルと360キロメートルを足すと、合計は \(500 + 360 = 860\) キロメートルです。

マイケルは合計で$\boxed{860}$キロメートル走りました。",860,860
mgsm-ja-207,"ジョーのハロウィンのキャンディバッグに25個のチョコレートバーと80個のカニドレッシングがあります。それぞれのチョコレートバーはそれぞれのカニドレッシングの重さの2倍です。それぞれのチョコレートバーが40gである場合、ジョーのキャンディバッグの重さはいくつになりますか？

まず、それぞれのカニドレッシングの重さを計算します。それぞれのチョコレートバーが40gで、チョコレートバーの重さはカニドレッシングの2倍であるということから、それぞれのカニドレッシングは20gです。

次に、チョコレートバーの総重量を計算します。25個のチョコレートバーが40gずつあるので、総重量は \(25 \times 40 = 1000\) gです。

その後、カニドレッシングの総重量を計算します。80個のカニドレッシングが20gずつあるので、総重量は \(80 \times 20 = 1600\) gです。

最後に、チョコレートバーとカニドレッシングの総重量を足して、ジョーのキャンディバッグの総重量を計算します。 \(1000 + 1600 = 2600\) gです。

したがって、ジョーのキャンディバッグの重さは$\boxed{2600}$ gです。",2600,2600
mgsm-ja-208,ローズは月曜日に4つのケーキを買いました。火曜日には別の店で月曜日に買ったケーキの3倍、つまり12つのケーキを買いました。水曜日には別の店で火曜日に買ったケーキの5倍、つまり60つのケーキを買いました。したがって、3日間で買ったケーキの総数は4 + 12 + 60 = 76です。$\boxed{76}$,76,76
mgsm-ja-209,"まず、問題を分解していきます。まず、20 dozen（240個）のカップの価格は、半打（30個）のプレートの価格の半分（3000ドル）から1200ドル少ないです。

プレートの価格は3000ドルです。この価格から1200ドルを引くと、カップの価格を計算することができます。

\[
3000 - 1200 = 1800 \text{ドル}
\]

これは240個のカップの価格です。したがって、1つのカップの価格は以下のようになります。

\[
\frac{1800}{240} = 7.5 \text{ドル}
\]

したがって、1つのカップの価格は7.5ドルです。$\boxed{7.5}$",5,145
mgsm-ja-210,"サラは新しいジャケットと2足の靴を買いたいと思っています。ジャケットは30ドルで、1足の靴は20ドルです。彼女はネイバーキッズを4回ベビーシッターとして雇われ、1回につき5ドルを稼ぎます。彼女の親は彼女が庭を切るたびに4ドルを支払います。彼女はベビーシッティングをする前に10ドルを貯めていました。彼女がジャケットと靴を買うために庭を切る回数はどれくらい必要ですか？

まず、ジャケットと靴の合計費用を計算します：
\[
30 + 2 \times 20 = 30 + 40 = 70 \text{ドル}
\]

次に、サラがベビーシッティングで稼いだ金額を計算します：
\[
4 \times 5 = 20 \text{ドル}
\]

サラがすでに10ドルを貯めていたので、現在の合計金額は：
\[
10 + 20 = 30 \text{ドル}
\]

必要な金額は70ドルなので、さらに必要な金額は：
\[
70 - 30 = 40 \text{ドル}
\]

彼女は庭を切るたびに4ドルを稼ぐので、必要な40ドルを稼ぐために必要な回数は：
\[
\frac{40}{4} = 10 \text{回}
\]

したがって、サラは\boxed{10}回庭を切る必要があります。",10,10
mgsm-ja-211,"Jerryが鶏を飼っているとします。赤い鶏は1日につき3つの卵を産み、白い鶏は1日につき5つの卵を産みます。毎日Jerryは42つの卵を集めます。彼が白い鶏の数が赤い鶏の数よりも2つ多い場合、彼はどれだけの赤い鶏を持っているかを計算します。

まず、赤い鶏の数を$x$とします。すると、白い鶏の数は$x+2$となります。

赤い鶏から産まれる卵の数は$3x$で、白い鶏から産まれる卵の数は$5(x+2)$です。これらを合計すると、Jerryが毎日収集する卵の数が42となります。

したがって、以下の式が成り立ちます：
\[3x + 5(x + 2) = 42\]

これを解いていきます：
\[3x + 5x + 10 = 42\]
\[8x + 10 = 42\]
\[8x = 32\]
\[x = 4\]

よって、Jerryは4羽の赤い鶏を持っていることがわかります。

$\boxed{4}$",4,4
mgsm-ja-212,"公園の周りを歩くことで、Gary が使う時間は、公園の周囲の距離と彼の歩行速度によって決まります。公園は長方形で、長さが1.5マイル、幅が6マイルです。まず、公園の周囲の距離を計算します。

長方形の周は $2 \times (長さ + 幅)$ で計算できます。したがって、公園の周囲の距離は:
\[ 2 \times (1.5 + 6) = 2 \times 7.5 = 15 \text{ マイル} \]

Gary の歩行速度は3マイル/時間です。距離を歩行速度で割ることで、彼が歩くのにかかる時間を計算できます。したがって、Gary が公園の周りを1周するのにかかる時間は:
\[ \frac{15 \text{ マイル}}{3 \text{ マイル/時間}} = 5 \text{ 時間} \]

したがって、Gary は $\boxed{5}$ 時間を過ごします。",5,5
mgsm-ja-213,最初の日にカウントした顧客数は100人です。次の日にカウントした顧客数は最初の日に50人多いので、次の日は100 + 50 = 150人です。3日目の総顧客数は500人で、前2日間の合計は100 + 150 = 250人です。したがって、3日目の顧客数は500 - 250 = 250人です。$\boxed{250}$,250,250
mgsm-ja-214,"Jerryのプールには、両方とも4分間に1ガロンずつ水を漏らします。4分前には、大きなプールは小さなプールの水の量の2倍でした。現在では、大きなプールは小さなプールの水の量の4倍です。現在、小さなプールにはどのくらいの水がありますか？

まず、4分前には大きなプールと小さなプールの水の量の関係を式で表します。4分前には、大きなプールの水の量を$B$、小さなプールの水の量を$S$とします。すると、$B = 2S$ となります。

現在では、それぞれのプールから4分間に4ガロンずつ水が漏れています。したがって、現在の水の量は、4分前からの水の漏れを考慮して計算します。

大きなプールの現在の水の量は$B - 4 \times 4 = B - 16$、小さなプールの現在の水の量は$S - 4 \times 4 = S - 16$となります。

問題文によると、現在の大きなプールの水の量は小さなプールの水の量の4倍です。つまり、$B - 16 = 4(S - 16)$ となります。

これを解いていきます。

\[
B - 16 = 4(S - 16)
\]

\[
B - 16 = 4S - 64
\]

\[
B = 4S - 48
\]

また、$B = 2S$ という条件を代入します。

\[
2S = 4S - 48
\]

\[
48 = 2S
\]

\[
S = 24
\]

現在の小さなプールの水の量は24ガロンです。

したがって、小さなプールには現在 $\boxed{24}$ ガロンの水があります。",24,8
mgsm-ja-215,"ロリーが靴とベルトを買うために働かなければならない時間は、まず合計金額を計算します。靴は320.00ドルで、ベルトは32.00ドルなので、合計は320.00 + 32.00 = 352.00ドルです。

ロリーの時給は8.00ドルなので、必要な金額を時給で割ることで働かなければならない時間数を求めます。352.00 ÷ 8.00 = 44時間です。

ロリーは$\boxed{44}$時間働かなければなりません。",44,44
mgsm-ja-216,"janethが借りた金額は$2000で、返済時に10%の利子を支払うと約束しています。彼女が12ヶ月間毎月$165で返済するとします。janethの残高はどのくらいになりますか？

まず、janethが返済する合計金額を計算します。janethは12ヶ月間毎月$165を返済するので、合計で$165 \times 12 = $1980を返済します。

次に、janethが借りた金額と利子の合計を計算します。janethが借りた金額は$2000で、10%の利子は$2000 \times 0.10 = $200です。したがって、janethが返済する合計金額は$2000 + $200 = $2200です。

janethが返済する合計金額は$1980ですが、janethが借りた金額と利子の合計は$2200です。したがって、janethの残高は$2200 - $1980 = $220になります。

janethの残高は$\boxed{220}$です。",220,220
mgsm-ja-217,vase内に4本のバラがあります。 vase内にバラの数よりも7本多いダリルが存在します。 つまり、ダリルは \(4 + 7 = 11\) 本あります。 したがって、 vase内の花の総数は \(4 + 11 = 15\) 本です。 $\boxed{15}$,15,15
mgsm-ja-218,"ハリエットの現在の年齢は21歳です。アダrienの年齢はハリエットの3倍なので、アダrienの現在の年齢は \(21 \times 3 = 63\) 歳です。ハリエットの年齢はザックの半分なので、ザックの現在の年齢は \(21 \times 2 = 42\) 歳です。

3年後、それぞれの年齢は以下のようになります：
- アダrien: \(63 + 3 = 66\) 歳
- ハリエット: \(21 + 3 = 24\) 歳
- ザック: \(42 + 3 = 45\) 歳

3年後の3人の平均年齢を計算します：
\[
\frac{66 + 24 + 45}{3} = \frac{135}{3} = 45
\]

したがって、3年後の3人の平均年齢は $\boxed{45}$ 歳です。",45,45
mgsm-ja-219,"Naomi が 68 点を獲得したとします。Yuri は Naomim よりも 10 点少ない半分の点数を獲得したので、Yuri は \(\frac{68}{2} - 10 = 34 - 10 = 24\) 点を獲得しました。Brianna は Naomim よりも 17 点多いので、Brianna は \(68 + 17 = 85\) 点を獲得しました。Naomi, Yuri, そして Brianna が獲得した合計点数は \(68 + 24 + 85 = 177\) 点です。4 人の学生が獲得した合計点数は 251 点なので、Jojo が獲得した点数は \(251 - 177 = 74\) 点です。したがって、Jojo は $\boxed{74}$ 点を獲得しました。",74,54
mgsm-ja-220,"カーメンがクロスワードパズルを1つ解くのに10分かかり、サドokuパズルを1つ解くのに5分かかります。週末に彼女は3つのクロスワードパズルと8つのサドokuパズルを解きました。彼女がこれらのゲームに費やした時間はどのくらいでしょうか？

クロスワードパズルを解くのにかかる時間は、3つのパズル × 10分 = 30分です。
サドokuパズルを解くのにかかる時間は、8つのパズル × 5分 = 40分です。

したがって、カーメンがこれらのパズルに費やした合計時間は、30分 + 40分 = 70分です。

$\boxed{70}$",70,70
mgsm-ja-221,"水槽には最初に120リットルの水が入っていました。セリーヌは庭を水やりするために90リットルの水を使用しました。その後、残っていた水の2倍の雨の水を集めることができました。水槽には現在何リットルの水がありますか？

最初の水の量は120リットルで、セリーヌが90リットルを使用した後、残りは \(120 - 90 = 30\) リットルです。その後、雨の水を2倍に収集したので、収集した雨の水量は \(30 \times 2 = 60\) リットルです。水槽に加わった水を含めると、現在の水の量は \(30 + 60 = 90\) リットルです。

$\boxed{90}$",90,90
mgsm-ja-222,"Andyが植えた花の総数を計算します。ゲーラニウムは90本植えています。ペチュニアはゲーラニウムよりも40本少ないため、ペチュニアは$90 - 40 = 50$本植えます。したがって、花の総数は$90 + 50 = 140$本です。

$\boxed{140}$",140,140
mgsm-ja-223,会社は最初に1年間で15000ドルを広告費として使い、その後の1年間ではその額の1/3をさらに広告費として使用します。最初の年間の広告費は15000ドルで、2年目の広告費は15000ドルの1/3、つまり5000ドルです。したがって、2年間の広告費の合計は15000ドル + 5000ドル = 20000ドルです。$\boxed{20000}$,20000,20000
mgsm-ja-224,"カルロスとベンジーはビーチで過ごしています。カールロスはカヌーを30ドルで1時間貸し出し、ベンジーはバナナボートを18ドルで1時間貸し出しています。カールロスがカヌーを3時間使用し、ベンジーがバナナボートを5時間使用した場合、彼らがレンタル料金で支払う金額は合計でいくらですか？

カールロスのカヌーのレンタル料金は、3時間 × 30ドル = 90ドルです。
ベンジーのバナナボートのレンタル料金は、5時間 × 18ドル = 90ドルです。

合計で支払う金額は、90ドル + 90ドル = 180ドルです。

$\boxed{180}$",180,180
mgsm-ja-225,アンドリューはニュージャージーからロチェスターへの旅行を計画しています。バスで移動する場合、6日間かかります。車で移動する場合、バスの半分の日数、つまり3日間です。アンドリューがロチェスターまでバスで行き、ロチェスターから車で帰る場合の旅行日数は、往路6日間と復路3日間で、合計$\boxed{9}$日間です。,9,9
mgsm-ja-226,"James originally has 30 fire type, 20 grass type, and 40 water type Pokemon cards. After losing 8 water type cards and buying 14 more grass type cards, the number of each type of card changes as follows:

- Fire type: 30 cards
- Grass type: \(20 + 14 = 34\) cards
- Water type: \(40 - 8 = 32\) cards

The total number of cards James now has is:
\[30 + 34 + 32 = 96\]

The probability that a randomly picked card is a water type is the number of water type cards divided by the total number of cards:
\[\frac{32}{96} = \frac{1}{3} \approx 0.3333\]

To convert this probability to a percentage, we multiply by 100:
\[0.3333 \times 100 \approx 33.33\]

Rounding 33.33 to the nearest integer, we get 33. Therefore, the percentage chance that a randomly picked card will be a water type is:
\[\boxed{33}\]",33,33
mgsm-ja-227,"チャドが注文した自作バーリートの総額を計算します。ベースのバーリートは6.50ドルで、追加の肉は2.00ドル、チーズは1.00ドル、アボカドは1.00ドル、2つのソースは0.25ドルずつ（合計0.50ドル）です。さらに、3.00ドルでアップグレードしてチップとドリンクを追加します。ギフトカードで5.00ドルを使用します。

計算すると：
\[ 6.50 + 2.00 + 1.00 + 1.00 + 0.50 + 3.00 = 14.00 \]

チャドがギフトカードで5.00ドルを使用するので、支払う金額は：
\[ 14.00 - 5.00 = 9.00 \]

チャドはまだ $\boxed{9.00}$ を支払う必要があります。",0,9
mgsm-ja-228,"Kalinda は 1 分間に 4 個のピースを組み立てることができ、彼女の母は Kalinda と同じ時間に半分の速度で 2 個のピースを組み立てることができます。このパズルを完成するのに必要な時間は計算してみましょう。

まず、Kalinda と彼女の母が 1 分間に組み立てるピースの数を計算します。Kalinda は 4 個、彼女は 2 個です。したがって、1 分間に組み立てる合計ピース数は 4 + 2 = 6 個です。

次に、360 個のピースを組み立てるのに必要な時間（分単位）を計算します。360 ÷ 6 = 60 分。

最後に、60 分を時間に変換します。60 分 = 1 時間。

したがって、Kalinda と彼女のお母さんは 1 時間でこのパズルを完成させることができます。$\boxed{1}$",1,1
mgsm-ja-229,水melonの数は最初120個でした。Ashlynが2ヶ月後に農場に行き、30%のmelonが収穫できる状態であることを発見しました。彼女はそれらを家に持ち帰りました。その後、2週間後に彼女が戻ったとき、残りのmelonの3/4が収穫できる状態になっていたので、彼女はそれらを収穫しました。それ以后、収穫されていないmelonの数は$\boxed{18}$個でした。,18,21
mgsm-ja-230,"マークは12台の車を購入し、各車は20,000ドルで売られています。彼は車に対して10パーセントの税金を支払い、さらに各車に対して1,000ドルの登録料を支払います。彼がすべての費用を支払う金額は、計算すると\boxed{254000}ドルになります。",254000,
mgsm-ja-231,ローレンスが20個の貝殻を集めているので、キレイリーは20 + 5 = 25個の貝殻を集めました。水曜日にキレイリーが集める貝殻の数は、月曜日に集めた数の2倍なので、キレイリーは25 × 2 = 50個の貝殻を集めました。$\boxed{50}$,50,50
mgsm-ja-232,"ダックスが農場でリンゴを採りに来たとき、園にはアリの数の半分だけ虫がいました。アリが50匹いた場合、園内の総虫の数を計算します。

まず、アリの数を確認します。アリは50匹です。

次に、虫の数を計算します。虫はアリの数の半分なので、
\[ 50 \div 2 = 25 \]

虫は25匹です。

最後に、アリと虫の総数を計算します。
\[ 50 + 25 = 75 \]

したがって、園内の総虫の数は75匹です。$\boxed{75}$",75,75
mgsm-ja-233,36羽のペンギンが雪の中で日光浴をしています。そのうちの1/3が海に飛び込み、泳ぎ始めました。また、別の1/3が岩窟に食べ物を食べにいきました。日光浴を続けているペンギンは、36羽から12羽が飛び込んだ分と12羽が岩窟に入った分を引くと、36 - 12 - 12 = 12羽です。$\boxed{12}$,12,12
mgsm-ja-234,"スティーブは彼の彼女よりも2倍の量を食べ、1日6個食べています。つまり、彼の彼女は3個食べます。1週間で3個のトマトを収穫できる1つの蔓を考えます。

スティーブは1日6個食べるので、1週間で42個食べます。彼の彼女は1週間に18個食べます。つまり、スティーブと彼の彼女は1週間に60個のトマトを必要とします。

1週間に60個のトマトが必要なので、必要な蔓の数は \(\boxed{10}\) です。",10,21
mgsm-ja-94,犬の数は60匹です。猫の数は犬の数の2倍なので、猫は$60 \times 2 = 120$匹です。したがって、犬と猫の合計は$60 + 120 = 180$匹です。兎のペットの数は犬と猫の合計から12匹少ないため、兎の数は$180 - 12 = 168$匹です。したがって、地域内のペットの総数は$180 + 168 = 348$匹です。$\boxed{348}$,348,348
mgsm-ja-95,"まず、200人の学年5の生徒のうち、2/5が男の子であることを計算します。200人の生徒の2/5は以下のようになります：

\[ 200 \times \frac{2}{5} = 80 \]

したがって、男の子は80人です。残りが女の子なので、女の子の数は以下のようになります：

\[ 200 - 80 = 120 \]

次に、2/3の女の子がガールスカウトに参加していることを考慮します。120人の女の子の2/3は以下のようになります：

\[ 120 \times \frac{2}{3} = 80 \]

つまり、ガールスカウトに参加している女の子は80人です。したがって、ガールスカウトに参加していない女の子の数は以下のようになります：

\[ 120 - 80 = 40 \]

したがって、ガールスカウトに参加していない女の子は40人です。$\boxed{40}$",40,40
mgsm-ja-96,"ハリーは昨夜9時間寝た。友人のジェームズはハリーの寝時間の2/3だけ寝た。ハリーとジェームズの寝時間の差はいくつですか。

まず、ジェームズの寝時間を計算します。ハリーの寝時間の2/3は、
\[ 9 \times \frac{2}{3} = 6 \]
ジェームズは6時間寝たということです。

次に、ハリーとジェームズの寝時間の差を計算します。ハリーが寝た時間からジェームズが寝た時間を引くと、
\[ 9 - 6 = 3 \]
ハリーはジェームズより3時間多く寝たということです。

したがって、答えは$\boxed{3}$です。",3,3
mgsm-ja-97,"Freda がトマト缶をソースに仕上げるとき、その体積は半分になります。彼女が使う16オンスのトマト缶は3個のトマトを含んでいます。最後のトマトソースは32オンスのソースになりました。Freda はどのくらいのトマトを使いましたか？

16オンスのトマト缶は3つのトマトを含んでおり、ソースの体積はトマトの体積の半分になります。したがって、32オンスのソースを作るためには、最初に64オンスのトマトが必要です（32オンス ÷ 0.5 = 64オンス）。

64オンスのトマトは、21.3333個のトマト（64 ÷ 3 ≈ 21.3333）から来ます。ただし、トマトは整数であるため、22個のトマトが必要となります（21個では63オンス、22個では66オンスになります）。

したがって、Freda は $\boxed{22}$ つのトマトを使いました。",22,12
mgsm-ja-98,"最初の15分間に通り抜けた車の数を求めるために、問題の情報を整理しましょう。最初に、道路には30台の車が並んでいました。その後、5台の車が出口をとばし、交通渋滞を通過せずに帰路に就きました。つまり、交通渋滞を通過する車の数は30台から5台を引く必要があります。

\[ 30 - 5 = 25 \]

この25台の車のうち、後半の15分間に20台が通り抜けたとあります。したがって、最初の15分間に通り抜けた車の数は、25台から後半に通り抜けた20台を引きます。

\[ 25 - 20 = 5 \]

したがって、最初の15分間に通り抜けた車の数は5台です。$\boxed{5}$",5,5
mgsm-ja-99,マリーは庭の仕事が大好きです。昨日、彼女は好きな植物店から18つの新しい鉢植えの植物を受け取りました。彼女はすでに40の窓台のそれぞれに2つの鉢植えの植物があります。明日、彼女は窓台のそれぞれから1つの鉢植えの植物を友人や家族にあげることに決めました。マリーが残る鉢植えの植物の数は、$\boxed{58}$です。,58,58
mgsm-ja-100,"ジョセフの最初の友人はドアベルを20回押しました。第二の友人は最初の友人よりもドアベルを$\frac{1}{4}$回多く押しました。したがって、第二の友人は$20 + 20 \times \frac{1}{4} = 20 + 5 = 25$回押しました。

第四の友人はドアベルを60回押しました。第三の友人は第四の友人よりも10回多く押しました。したがって、第三の友人は$60 + 10 = 70$回押しました。

それぞれの友人がドアベルを押した回数を足し合わせると、ドアベルが合計で$20 + 25 + 70 + 60 = 175$回鳴りました。

$\boxed{175}$",175,175
mgsm-ja-101,ソロは科学の教科書から4ページ、社会学の教科書から20ページ、歴史の教科書から7ページ、地理の教科書から8ページを読みます。ソロは月曜日に15ページを読みました。彼は4日間で全ての読み込みを完了する必要があるとします。彼が一日に平均して読むべきページ数は、$\boxed{6}$です。,6,6
mgsm-ja-102,"ジョンは朝食、昼食、夕食、そして寝る前に1杯の水を飲む習慣があります。平日はこの習慣を守りますが、土日は夕食にソーダを飲むようにしています。週に水を何杯飲むか計算しましょう。

1. 平日の水の摂取量：5日間 × 4杯（朝、昼、夕、寝る前）= 20杯
2. 土日の水の摂取量：2日間 × 3杯（朝、昼、寝る前）= 6杯

合計の水の摂取量：20杯 + 6杯 = 26杯

ジョンは1週間に $\boxed{26}$ パックの水を飲むでしょう。",26,26
mgsm-ja-103,Fogは10分で3マイルを覆い尽くします。したがって、1マイルを覆うには$\frac{10}{3}$分かかります。42マイルを覆うには、$42 \times \frac{10}{3} = 140$分かかります。したがって、 Fogが全城を覆うのにかかる時間は$\boxed{140}$分です。,140,140
mgsm-ja-104,"ポピーは1000ピースのパズルを組み立てています。彼女はパズルの四分の一つをボードに置きます。その後、彼女の母は残りのピースの三分の一つを置きます。すると、まだ組み立てるべきピースの数はいくつかですか？

ポピーは最初に1000ピースの四分の一つを置きます。つまり、
\[ 1000 \times \frac{1}{4} = 250 \]

置いた後、残りのピースは
\[ 1000 - 250 = 750 \]

その後、彼女の母は残りのピースの三分の一つを置きます。つまり、
\[ 750 \times \frac{1}{3} = 250 \]

置いた後、さらに残りのピースは
\[ 750 - 250 = 500 \]

したがって、まだ組み立てるべきピースの数は500です。$\boxed{500}$",500,500
mgsm-ja-105,Cody は Amir が食べる cookies の 3 倍分を食べます。Amir が 5 個の cookies を食べる場合、Cody は \(5 \times 3 = 15\) 個の cookies を食べます。したがって、Cody と Amir が一緒に食べる cookies の総数は \(5 + 15 = 20\) 個です。$\boxed{20}$,20,20
mgsm-ja-106,ジョンが持っている3つのボックスの内寸は、それぞれ4インチ（幅）× 5インチ（奥行き）× 3インチ（高さ）です。それぞれのボックスの内寸体積を計算すると、$4 \times 5 \times 3 = 60$立方インチです。3つのボックスの総内寸体積は、$60 \times 3 = 180$立方インチです。したがって、$\boxed{180}$立方インチが答えです。,180,72
mgsm-ja-107,Frankieが月曜日と火曜日にそれぞれ1時間のエピソードを見たので、2時間合計です。水曜日に彼が見ていた30分のエピソードの数を計算するために、金曜日の2時間と木曜日の1時間と30分を引きます。金曜日の2時間は2時間、木曜日の1時間と30分は1.5時間合計です。これらを合計すると3.5時間です。 Frankieが7時間見ていたので、7時間から3.5時間を取り除くと、水曜日に見ていた30分のエピソードの時間は3.5時間残ります。30分のエピソードを1つ見ると0.5時間になります。したがって、3.5時間は7つの30分のエピソードに相当します。 Frankieが水曜日に見ていた30分のエピソードの数は$\boxed{7}$です。,7,3
mgsm-ja-108,"ヘンリーは去年の倍のクッキーを焼こうとしていましたが、実際には予定よりも15個多く焼きました。その後、5個のクッキーを落としてしまい、現在110個のクッキーがあります。去年ヘンリーが焼いたクッキーの数はいくつですか？

去年ヘンリーが焼いたクッキーの数は、$x$ 個としましょう。彼はそれを2倍にしようとしていたので、$2x$ 個を焼こうとしていました。しかし、15個多く焼いてしまったため、$2x + 15$ 個のクッキーを焼きました。その後、5個のクッキーを落としてしまったため、$2x + 15 - 5 = 2x + 10$ 個のクッキーが残りました。そして、これは110個です。

したがって、
\[2x + 10 = 110\]

これを解くと、
\[2x = 100\]
\[x = 50\]

つまり、去年ヘンリーが焼いたクッキーの数は50個です。$\boxed{50}$",50,50
mgsm-ja-109,"10ガロンのガソリンを買うと、ガソリンの値段は1ガロンあたり3.00ドルです。アプリ会社はガソリンをこのスタンドで満タンにすると、1ガロンにつき0.20ドルのキャッシュバックを提供します。10ガロンのガソリンを買うと、支払う金額は以下の計算で求められます。

1. 10ガロンのガソリンの合計費用は、
\[ 10 \text{ガロン} \times 3.00 \text{ドル/ガロン} = 30.00 \text{ドル} \]

2. キャッシュバックは、
\[ 10 \text{ガロン} \times 0.20 \text{ドル/ガロン} = 2.00 \text{ドル} \]

3. キャッシュバックを引いた後の支払額は、
\[ 30.00 \text{ドル} - 2.00 \text{ドル} = 28.00 \text{ドル} \]

したがって、キャッシュバックを考慮した後のガソリンの支払額は28.00ドルです。$\boxed{28.00}$",0,28
mgsm-ja-110,Marcell が食べた果物ロールの数は、3 ロール幅 × 14 ロール長 = 42 ロールです。Beatrice が食べた果物ロールの数は、2 ロール幅 × 24 ロール長 = 48 ロールです。二人が食べた合計のロール数は、42 ロール + 48 ロール = 90 ロールです。二人が食べた平均数は、90 ロール ÷ 2 = 45 ロールです。$\boxed{45}$,45,45
mgsm-ja-111,"ジュリアのボートは湖で穴を空けました。彼女が岸に進むたびに、ボートは10フィートごとに2リットルの水を吸収していました。彼女は20フィートを16秒で漕ぐことができました。彼女は岸まで64秒かかりました。ジュリアが岸に到着するまでに、ボートはどれだけの水を吸収したでしょうか？

まず、ジュリアが岸まで到着するのに必要な時間から、彼女が漕いだ距離を計算します。彼女は16秒で20フィートを漕ぐことができるので、64秒で漕ぐ距離は：
\[ \frac{64 \text{秒}}{16 \text{秒}} \times 20 \text{フィート} = 4 \times 20 \text{フィート} = 80 \text{フィート} \]

次に、ボートが吸収した水の量を計算します。ボートは10フィートごとに2リットルの水を吸収するので、80フィートを漕ぐと：
\[ \frac{80 \text{フィート}}{10 \text{フィート}} \times 2 \text{リットル} = 8 \times 2 \text{リットル} = 16 \text{リットル} \]

したがって、ジュリアが岸に到着するまでに、ボートは$\boxed{16}$リットルの水を吸収しました。",16,16
mgsm-ja-112,"教室には4人の教師が交代で使用するホワイトボードがあります。各教師は1日に2つの授業があり、それぞれの授業でホワイトボードを使用します。ホワイトボードは各授業で3回清掃されるため、1日にホワイトボードは何回清掃されるでしょうか。

1. 各教師が1日に使用するホワイトボードの回数は2回です。
2. 4人の教師が交代で使用するので、1日に全体として使用される回数は \(4 \times 2 = 8\) 回です。
3. 各授業でホワイトボードは3回清掃されるため、1日にホワイトボードは \(8 \times 3 = 24\) 回清掃されます。

したがって、ホワイトボードは1日に$\boxed{24}$回清掃されます。",24,24
mgsm-ja-113,"ライアンは1日に2つの花を庭に植えます。15日後、5つの花が成長しなかった場合、彼は何本の花を持っているでしょうか。

ライアンは1日に2つの花を植えるので、15日間で植えた花の総数は \(2 \times 15 = 30\) 本です。しかし、5つの花が成長しなかったため、実際に成長した花の数は \(30 - 5 = 25\) 本です。

したがって、ライアンは$\boxed{25}$本の花を持っているでしょう。",25,25
mgsm-ja-114,"ジャマールの携帯電話はブリティッシュの携帯電話の6倍の写真を保持できます。ブリティッシュの携帯電話が保持できる最大の写真数は、ジャマールの写真に写っている鴨の数の50倍です。ジャマールの携帯電話が1800枚の写真を保持できる場合、ジャマールの動物園での鴨の写真に何羽の鴨が写っているかを計算します。

まず、ジャマールの携帯電話が保持できる写真の数はブリティッシュの携帯電話の6倍であることを考慮に入れます。したがって、ブリティッシュの携帯電話が保持できる最大の写真数は：
\[ \frac{1800}{6} = 300 \]

次に、ブリティッシュの携帯電話が保持できる最大の写真数は、ジャマールの写真に写っている鴨の数の50倍であることを考慮に入れます。したがって、ジャマールの写真に写っている鴨の数は：
\[ \frac{300}{50} = 6 \]

したがって、ジャマールの動物園での鴨の写真に写っている鴨の数は$\boxed{6}$です。",6,6
mgsm-ja-115,"サシャは、最近木材の価格が50%上昇したことに気づきました。彼女は10枚の2x4x10の板を持っていますが、これは彼女が買ったときの価格で10ドルずつです。また、彼女は5枚の4x4x10の板を持ち、これは彼女が買ったときの価格で16ドルずつです。彼女がすべてを売却した場合の利益を計算します。

まず、2x4x10の板の総コストは10枚 × 10ドル = 100ドルです。次に、4x4x10の板の総コストは5枚 × 16ドル = 80ドルです。したがって、木材の総コストは100ドル + 80ドル = 180ドルです。

次に、これらの板を売却した場合の総収入を計算します。2x4x10の板を10ドルずつで売却すると、10枚 × 10ドル = 100ドルです。4x4x10の板を16ドルずつで売却すると、5枚 × 16ドル = 80ドルです。したがって、総収入は100ドル + 80ドル = 180ドルです。

最後に、利益を計算します。収入とコストが同じであるため、利益は180ドル - 180ドル = 0ドルです。

したがって、サシャが木材をすべて売却した場合の利益は$\boxed{0}$ドルです。",0,90
mgsm-ja-116,"カティは砂糖と水の比率でコーヒーを淹れます。その比率は7:13です。彼女が砂糖と水の合計で120茶匙を使用した場合、彼女が砂糖で何茶匙を使用したか計算します。

まず、砂糖と水の合計比率は7 + 13 = 20です。つまり、全体の1つの部分は120 ÷ 20 = 6茶匙です。

砂糖の部分は7部分なので、砂糖で使用した茶匙数は7 × 6 = 42茶匙です。

したがって、カティが砂糖で使用した茶匙数は$\boxed{42}$です。",42,42
mgsm-ja-117,"ジョンは3人の子供每人に2足の靴を買いました。それぞれの靴は60ドルです。彼は何を支払いましたか？

ジョンは3人の子供每人に2足の靴を買うので、合計で \(3 \times 2 = 6\) 足の靴を買います。各靴が60ドルなので、合計金額は \(6 \times 60 = 360\) ドルです。

$\boxed{360}$",360,360
mgsm-ja-118,"まず、最初の日に港に到着したコンテナの数を計算します。最初の日に2つのコンテナがあり、それぞれに5台の車が入っています。したがって、最初の日の合計車両数は \(2 \times 5 = 10\) 台です。

次に、次の日に港に到着したコンテナの数を計算します。次の日に港に到着した車両の合計数は30台で、最初の日の合計車両数は10台です。したがって、次の日に到着した車両の数は \(30 - 10 = 20\) 台です。

最後に、次の日に到着したコンテナの数を計算します。各コンテナには5台の車が入っていますので、次の日に到着したコンテナの数は \(20 \div 5 = 4\) 個です。

したがって、次の日に到着したコンテナの数は$\boxed{4}$です。",4,4
mgsm-ja-119,"アドリエンの4年前の給与は40,000ドルでした。アドリエンの給与は4年前から40%上昇しています。したがって、4年前の給与から40%増加すると、新しい給与は以下のようになります：

\[ 40,000 \times 1.40 = 56,000 \, \text{ドル} \]

アドリエンの給与は4年前のものよりも30%高かったので、4年前の給与を求めるために以下の式を使用します：

\[ \text{アドリエンの4年前の給与} = \frac{40,000}{1.30} \]

計算すると：

\[ \frac{40,000}{1.30} \approx 30,769.23 \, \text{ドル} \]

つまり、4年前のLylahの給与は約30,769.23ドルでした。4年後、アドリエンとLylahの給与はそれぞれ40%上昇しています。したがって、Lylahの4年後の給与は以下のようになります：

\[ 30,769.23 \times 1.40 \approx 43,076.92 \, \text{ドル} \]

アドリエンの4年後の給与は56,000ドルです。したがって、4年後の両者の合計給与は以下のようになります：

\[ 56,000 + 43,076.92 \approx 99,076.92 \, \text{ドル} \]

したがって、4年後の両者の合計給与は$\boxed{99076.92}$ドルです。",92,95200
mgsm-ja-120,"ミゲルは1週間に2冊の紙を使います。1冊に30枚の紙が入っています。したがって、1ヶ月間で使われる紙の枚数は、
\[ 2 \text{ 冊/週} \times 4 \text{ 週/月} \times 30 \text{ 枚/冊} = 240 \text{ 枚} \]
となります。$\boxed{240}$",240,240
mgsm-ja-121,"モリセットがリンゴ5個とオレンジ8個を持ってきたのに対し、ケルはリンゴの量がモリセットの2倍、オレンジの量が半分であると問題文からわかります。つまり、ケルはリンゴ \(5 \times 2 = 10\) 個、オレンジ \(8 \div 2 = 4\) 個を持ってきました。

モリセットとケルが持ってきたリンゴとオレンジの総数を計算します。

モリセットのリンゴとオレンジの合計は \(5 + 8 = 13\) 個です。
ケルのリンゴとオレンジの合計は \(10 + 4 = 14\) 個です。

したがって、モリセットとケルが持ってきた果物の総数は \(13 + 14 = 27\) 個です。

$\boxed{27}$",27,27
mgsm-ja-122,"月曜日にサディは8時間寝ました。次に2日間は、彼女はそれぞれ2時間寝ませんでした。これは彼女が宿題を完成させるためです。その後、週の残りの日は、その2日間より1時間多く寝ました。それでは、1週間でサディは合計で何時間寝たのでしょうか。

まず、月曜日の睡眠時間は8時間です。

火曜日と水曜日は、それぞれ8 - 2 = 6時間寝ました。これら2日間の合計は6 + 6 = 12時間です。

その後の日は、火曜日と水曜日の1時間ずつ多く寝るので、それぞれ6 + 1 = 7時間寝ました。土曜日と日曜日は、それぞれ7時間寝たので、これら2日間の合計は7 + 7 = 14時間です。

1週間の合計睡眠時間は、月曜日の8時間、火曜日と水曜日の12時間、土曜日と日曜日の14時間の合計です。つまり、8 + 12 + 14 = 34時間です。

サディが1週間で合計で寝た時間は$\boxed{34}$時間です。",34,48
mgsm-ja-123,ロシは最初に1時間あたり10マイルで走ります。3時間走るので、最初の3時間で走った距離は30マイルです。その後、彼女は1時間あたり5マイルで走ります。合計7時間の中で、最初の3時間は10マイル每時で走ったため、残りの時間は7 - 3 = 4時間です。この4時間で彼女は5マイル每時で走るので、4時間で走った距離は4 × 5 = 20マイルです。したがって、7時間で走った合計距離は30マイル + 20マイル = 50マイルです。$\boxed{50}$,50,50
mgsm-ja-124,"ジェニーは母の事務所で手伝っています。彼女は60通の手紙にスタンプを貼る必要がある pile と、スタンプがついている手紙の pile があります。彼女は手紙の pile のうち1/3にスタンプを貼ります。すでにスタンプがついている pile には30通の手紙があります。この pile に最初に何通の手紙があったかを計算します。

まず、60通の手紙のうち1/3にスタンプを貼ることになります。つまり、
\[ 60 \times \frac{1}{3} = 20 \]

この20通の手紙がスタンプをつけて新たに pile に追加されました。すでに30通の手紙が pile にあったため、最初に pile にあった手紙の数を計算します。つまり、
\[ 30 - 20 = 10 \]

したがって、最初に pile にあった手紙の数は10通です。

$\boxed{10}$",10,10
mgsm-ja-125,ジュリアはディナー party 用のスープを準備するために、新しいスプーンのパッケージを買いました。その後、彼の夫も 5 本の新しいスプーンを買いましたが、それらをジュリアに与えました。ジュリアはスープを試すために 3 本のスプーンを使用しました。その後、テーブルを並べるときに、彼女は合計 12 本のスプーンを持っていたため、ジュリアが買ったスプーンのパッケージには $\boxed{10}$ 本のスプーンがありました。,10,10
mgsm-ja-126,"Dylanがパーティーでサンドイッチを作るために鳥のソーセージと魚のソーセージを買いました。彼は鳥のソーセージ38本と鳥のソーセージより6本多い魚のソーセージを買いました。 Dylanは合計で何本のソーセージを買いましたか？

鳥のソーセージは38本で、魚のソーセージは鳥のソーセージよりも6本多いので、魚のソーセージは38 + 6 = 44本です。

鳥のソーセージと魚のソーセージの合計は、38 + 44 = 82本です。

したがって、Dylanは合計で$\boxed{82}$本のソーセージを買いました。",82,82
mgsm-ja-127,ライリーが50人の友達を作った場合、エミーは20人多いので、エミーは50 + 20 = 70人の友達を作ります。したがって、ライリーとエミーの友達の総数は50 + 70 = 120人です。$\boxed{120}$,120,120
mgsm-ja-128,"まず、各品目の価格を計算します。各ピーマンの価格は15ドルです。水melonの価格はピーマンの3倍なので、$15 \times 3 = 45$ドルです。オレンジの価格は水melonの5ドル少ないため、$45 - 5 = 40$ドルです。

次に、Dillonが買う品目を計算します。4つの水melonは$4 \times 45 = 180$ドルです。20個のピーマンは$20 \times 15 = 300$ドルです。10個のオレンジは$10 \times 40 = 400$ドルです。

これらを合計すると、$180 + 300 + 400 = 880$ドルです。

したがって、Dillonが支払う合計金額は$\boxed{880}$ドルです。",880,880
mgsm-ja-129,"まず、1日に患者が来院する数は500人です。それぞれの患者が受診する平均時間は24分です。つまり、1日に合計で患者が受診する時間は \(500 \times 24 = 12000\) 分です。この時間は時間に直すと \(12000 \div 60 = 200\) 時間になります。

医師が医院に支払う料金は1時間につき$150です。したがって、1日に支払われる総額は \(200 \times 150 = 30000\) ドルです。

患者が医院に支払う料金は1時間につき$200です。したがって、1日に患者から得られる総額は \(200 \times 200 = 40000\) ドルです。

したがって、医院の利益は \(40000 - 30000 = 10000\) ドルになります。

$\boxed{10000}$",10000,10000
mgsm-ja-130,"ニッサは60人の季節的な従業員を聖なる村でエルフに雇いました。そのうち1/3のエルフが子供たちに吐かれたことで辞めてしまい、その後10人のエルフが子供たちに足を蹴られたことで辞めてしまいました。では、どのくらいの数のエルフが残っているのでしょうか。

最初に60人のエルフがいました。1/3が辞めるので、
\[ 60 \times \frac{1}{3} = 20 \]
20人のエルフが辞め、
\[ 60 - 20 = 40 \]
40人のエルフが残りました。

その後、10人のエルフが辞めますので、
\[ 40 - 10 = 30 \]
30人のエルフが残っています。

最後に残っているエルフの数を答えます。
\boxed{30}",30,30
mgsm-ja-131,ジョセフの5月の支出は500ドルでした。6月の支出は500ドルから60ドル減ったので、6月の支出は440ドルです。5月と6月の支出の合計は、500ドルと440ドルを足したものです。したがって、合計支出は940ドルです。$\boxed{940}$,940,940
mgsm-ja-132,"パムとフレッドはカーニバルに行きました。パムはローラーコースターを2回、フレッドは4回乗りました。その後、それぞれローラーコースターを2回ずつジェラーコースターに乗ることに決めました。各乗車は6つのチケットが必要です。その日、彼らは何枚のチケットを使用しましたか？

パムとフレッドはローラーコースターを合計で \(2 + 4 = 6\) 回乗りました。さらに、それぞれジェラーコースターを2回ずつ乗ることに決めたため、ジェラーコースターを合計で \(2 \times 2 = 4\) 回乗りました。したがって、合計で \(6 + 4 = 10\) 回の乗車がありました。

各乗車は6つのチケットが必要なので、合計で使用したチケット数は \(10 \times 6 = 60\) です。

$\boxed{60}$",60,60
mgsm-ja-133,月曜日には4マイル歩きました。火曜日には月曜日に歩いた距離の6倍、つまり24マイル歩きました。月曜日から水曜日までの合計距離は41マイルです。したがって、水曜日に歩いた距離は41 - (4 + 24) = 13マイルです。$\boxed{13}$,13,13
mgsm-ja-134,"Tomが1年間で支払う金額を計算します。Tomは1ヶ月に4回車洗いをし、1回の車洗いが$15です。

まず、1ヶ月あたりの費用を計算します：
\[ 4 \text{回} \times \$15 = \$60 \]

次に、1年間の費用を計算します。1年は12ヶ月なので：
\[ \$60 \times 12 = \$720 \]

したがって、Tomが1年間に支払う金額は$\boxed{720}$です。",720,720
mgsm-ja-135,Brian がビデオゲームを20個持っていたが、比較の直前に5個失ったため、Brian は \(20 - 5 = 15\) 個のビデオゲームを持っています。Bobby はBrian のビデオゲームの数の3倍より5個少ないビデオゲームを持っているので、Bobby は \(3 \times 15 - 5 = 45 - 5 = 40\) 個のビデオゲームを持っています。したがって、Bobby は $\boxed{40}$ 個のビデオゲームを持っています。,40,40
mgsm-ja-136,"スコットランドのエルフーンの数を計算するために、まず全体のエルフーン数から始めます。世界中のエルフーンは27匹です。そのうちの1/3がスコットランドの Highlands にいます。したがって、スコットランドのエルフーンの数は以下のようになります。

$$
\frac{1}{3} \times 27 = 9
$$

スコットランドのエルフーンのうち、2/3が女性であると問題文では述べられています。したがって、女性エルフーンの数は以下のようになります。

$$
\frac{2}{3} \times 9 = 6
$$

したがって、スコットランドの女性エルフーンは6匹です。$\boxed{6}$",6,6
mgsm-ja-137,"ロリーは2つのサブを7.50ドルずつ、2つのチップを1.50ドルずつ、そして2つのクッキーを1.00ドルずつ注文しました。チェックアウト時に20%の配達料が加算され、5.00ドルのチップを付け加えます。注文の総額はいくらになりますか？

まず、サブの合計は2つ × 7.50ドル = 15.00ドルです。
チップの合計は2つ × 1.50ドル = 3.00ドルです。
クッキーの合計は2つ × 1.00ドル = 2.00ドルです。

これらの合計は15.00ドル + 3.00ドル + 2.00ドル = 20.00ドルです。

次に、20%の配達料を計算します。20.00ドルの20%は20.00ドル × 0.20 = 4.00ドルです。

配達料を加えた合計は20.00ドル + 4.00ドル = 24.00ドルです。

最後に、5.00ドルのチップを加えると、最終的な注文の総額は24.00ドル + 5.00ドル = 29.00ドルです。

したがって、ロリーの注文の総額は29.00ドルになります。$\boxed{29}$",29,29
mgsm-ja-138,マークは昨日75問のテストを受け、1時間あたり5問のペースで解答しました。今日、100問のテストを受け、同じペースで解答しました。マークは最初のテストには1時間あたり5問のペースで8時間、2番目のテストには6時間与えられました。マークが解答しなかった問題の数は、最初のテストでは$\boxed{5}$問、2番目のテストでは$\boxed{10}$問です。,10,105
mgsm-ja-139,"青いガムボールが12個ある場合、ピンクのガムボールはその4倍よりも22個多いです。したがって、ピンクのガムボールの数は \(4 \times 12 + 22\) です。計算すると、
\[4 \times 12 + 22 = 48 + 22 = 70\]
ピンクのガムボールは70個あります。$\boxed{70}$",70,70
mgsm-ja-140,"まず、合計で20台の車中、自動車が12台、マニュアル車が4台あります。それらを引くと、セミオートマチック車の数を計算できます。

\[
20 - 12 - 4 = 4
\]

セミオートマチック車は4台あります。次に、これらの車が全体の何パーセントを占めているかを計算します。

\[
\left( \frac{4}{20} \right) \times 100 = 20\%
\]

したがって、セミオートマチック車は全体の20%を占めます。$\boxed{20}$",20,20
mgsm-ja-235,"ジョンが友達とシェアするためにピザを注文します。合計で20人の友人がいて、ジョンは各人が4切れ食べられるようにしたいと考えています。ピザは8切れで切られています。ジョンが注文する必要があるピザの数はいくつか？

ジョンが友達に分配するためには、合計で \(20 \times 4 = 80\) 個のピザ切れが必要です。1つのピザは8切れなので、必要なピザの数は \(\frac{80}{8} = 10\) 個です。

したがって、ジョンは $\boxed{10}$ 個のピザを注文する必要があります。",10,10
mgsm-ja-236,ラムはペンをたくさん使用しています。彼は5本の空のペンから1本のフルペンを作ることでお金節約ができると発見しました。ラムは25本のペンを購入し、それを使ってインクが尽きるたびに新しいペンを作ります。ラムが持つことができる合計のペンの数は、最初の25本のペンから始まり、5本の空のペンから1本のフルペンを作ることで、さらに多くのペンを作ることができます。このプロセスを繰り返すと、ラムは最初の25本のペンに加えて、さらに4本の新しいペンを作ることができます。したがって、ラムが持つことができる合計のペンの数は、25 + 4 = 29本です。$\boxed{29}$,29,31
mgsm-ja-237,ジョンニーは手当20ドルに追加で10ドルを加え、合計30ドルのお金を投資しました。投資したお金は1年で3倍になりました。したがって、彼は1年後に \boxed{90} ドルのお金を手に入れました。,90,90
mgsm-ja-238,ジェシカの年齢は20歳です。ジョアンはジェシカより5歳年上なので、ジョアンの年齢は20 + 5 = 25歳です。また、マリーはジョアンより2歳若いため、マリーの年齢は25 - 2 = 23歳です。したがって、3人の女の子の年齢の合計は20 + 25 + 23 = 68歳です。$\boxed{68}$,68,68
mgsm-ja-239,"最初に、学校ホールにいた学生の数は1000人です。30%の学生が出口Aを通過して建物を出ていきました。残りの学生の数を計算します。

1000人の30%は:
\[ 1000 \times 0.30 = 300 \]

出口Aを通過した後、残っている学生の数は:
\[ 1000 - 300 = 700 \]

次に、残りの学生のうち3/5が出口Bを通過して建物を出ていきました。出口Bを通過した学生の数を計算します。

700人の3/5は:
\[ 700 \times \frac{3}{5} = 420 \]

出口Bを通過した後、残っている学生の数は:
\[ 700 - 420 = 280 \]

残りの学生は出口Cを通過して建物を出ていきました。したがって、出口Cを通過した学生の数は280人です。

\boxed{280}",280,280
mgsm-ja-240,"ロバートが \(x\) 本のキャンディを持っているとします。ジェームズはロバートよりも6本多く、ジョンはロバートの2倍のキャンディを持っています。ジョンが54本のキャンディを持っているので、ロバートは \(\frac{54}{2} = 27\) 本のキャンディを持っていることがわかります。

ジェームズはロバートよりも6本多く、つまりジェームズは \(27 + 6 = 33\) 本のキャンディを持っているということです。

ジョンとジェームズのキャンディの差は \(54 - 33 = 21\) 本です。

したがって、ジョンはジェームズよりも \(\boxed{21}\) 本のキャンディ多く持っています。",21,21
mgsm-ja-241,Dolly は 2 冊の本を持っています。Pandora は 1 冊の本を持っています。Dolly と Pandora はお互いの本を読み、自分の本も読みます。Dolly は自分の 2 冊の本と Pandora の 1 冊の本を読みます。Pandora は自分の 1 冊の本と Dolly の 2 冊の本を読みます。したがって、彼らが読む本の総数は 2 + 1 + 2 + 1 = 6 冊です。$\boxed{6}$,6,6
mgsm-ja-242,"マイクは5人のペンパalsと連絡を取り合っていましたが、2人とは連絡を取りませんようにしました。それぞれは週に2通の手紙を送り、それぞれの手紙は5ページです。彼は同じ量の返事を書きます。彼は1ページを6分で書くことができます。彼が1週間に書くのにどれだけの時間を費やすでしょうか。

マイクは5人のうち2人とは連絡を取りませんので、現在3人のペンパルと連絡を取り合っています。それぞれのペンパルは週に2通の手紙を送りますので、合計で6通の手紙を受け取るでしょう。それぞれの手紙は5ページなので、6通の手紙は合計30ページになります。

彼は1ページを6分で書くことができますので、30ページを書くのに必要な時間は \(30 \times 6 = 180\) 分です。180分は3時間に相当します。

したがって、マイクが1週間に書くのに費やす時間は3時間です。$\boxed{3}$",3,3
mgsm-ja-243,Jasonの月間の電話プランは1000分です。彼は毎日15分間の電話を彼の上司とします。この月は30日間ありますので、彼は30日間で \(30 \times 15 = 450\) 分の電話を行います。加えて、彼は他の人に300分の電話を行いました。したがって、彼が使用した合計の電話時間は \(450 + 300 = 750\) 分です。彼のプランは1000分なので、残りの電話時間は \(1000 - 750 = 250\) 分です。したがって、答えは$\boxed{250}$です。,250,250
mgsm-ja-244,"グラフィンは24本のフライドポテトを持っていましたが、ケイルが5本取りました。ビルリーはケイルが取りたかった本数の2倍の数を取ったので、ビルリーは10本取りました。ジンジャーはグラフィンに自分のフライドポテトをいくつか与え、コルビーはケイルが取りたかった本数より3本少ない数をグラフィンから取りました。最終的にグラフィンは27本のフライドポテトを持っていました。ジンジャーがグラフィンに与えたフライドポテトの数はいくつかですか？

最初、グラフィンは24本のフライドポテトを持っていました。ケイルが5本取り、ビルリーが10本取りました。したがって、グラフィンは24 - 5 - 10 = 9本のフライドポテトを残していました。

コルビーが3本少ない数を取ったので、コルビーは5 - 3 = 2本取りました。これにより、グラフィンは9 - 2 = 7本のフライドポテトを残していました。

グラフィンは最終的に27本のフライドポテトを持っていました。したがって、ジンジャーが与えたフライドポテトの数は27 - 7 = 20本です。

ジンジャーがグラフィンに与えたフライドポテトの数は$\boxed{20}$本です。",20,20
mgsm-ja-245,まず、2つの水槽にいるエビの数を求めてみましょう。1つの水槽には4匹のスネイルがいて、もう1つの水槽には32匹のスネイルがいます。スネイルの数の差は2倍の魚の数に等しいということです。つまり、32 - 4 = 28匹のスネイルの差があります。この差が魚の数の2倍であるということは、魚の数は28 ÷ 2 = 14匹です。両方の水槽には同じ数の魚がいるので、それぞれの水槽には14匹の魚があります。したがって、答えは$\boxed{14}$です。,14,7
mgsm-ja-246,"まず、 Makeup アーティストが1日あたりにかかる料金を計算します。彼女は1時間あたり$250で働いており、1日は6時間かかります。したがって、1日あたりの料金は$250 \times 6 = $1500です。

次に、1週間の料金を計算します。彼女は週に4回仕事が必要です。したがって、1週間の料金は$1500 \times 4 = $6000です。

映画は5週間続きますので、合計の料金は$6000 \times 5 = $30000です。

最後に、10%の割引を適用します。$30000の10%は$30000 \times 0.10 = $3000です。したがって、最終的な支払い額は$30000 - $3000 = $27000です。

Jean は $\boxed{27000}$ を支払いました。",27000,27000
mgsm-ja-247,"Isabelle がパーティーの準備のために $12 をケーキの材料に、$43 を誕生日プレゼントに、$15 を装飾に、$4 を招待状に、そして $22 をパーティーのゲスト用のギフトバックに費やしました。彼女はその費用を3人で均等に分担しました。それぞれが支払った金額は以下の計算で求められます。

まず、全ての費用を合計します：
\[ 12 + 43 + 15 + 4 + 22 = 96 \]

この合計金額を3人で均等に分けると：
\[ 96 \div 3 = 32 \]

したがって、それぞれが支払った金額は $\boxed{32}$ ドルです。",32,32
mgsm-ja-248,まず、4袋の玉ねぎの総重量を計算します。1袋が50ポンドなので、4袋は$4 \times 50 = 200$ポンドです。次に、1ポンドの玉ねぎが$1.50なので、200ポンドの玉ねぎは$200 \times 1.50 = 300$ドルです。したがって、シェフは玉ねぎに$\boxed{300}$ドルを費やしました。,300,300
mgsm-ja-249,"月曜日、スーは妹の4倍のクッキーを食べました。火曜日には妹の2倍のクッキーを食べました。妹は月曜日に5個、翌日には13個のクッキーを食べました。1個のクッキーは200カロリーです。スーが妹よりも何カロリー多く摂取したかを計算します。

まず、妹が月曜日に食べたクッキーの数は5個です。スーは妹の4倍のクッキーを食べたので、スーは \(5 \times 4 = 20\) 個のクッキーを食べました。

次に、妹が火曜日に食べたクッキーの数は13個です。スーは妹の2倍のクッキーを食べたので、スーは \(13 \times 2 = 26\) 個のクッキーを食べました。

次に、スーと妹がそれぞれ食べたクッキーの総数を計算します。スーは \(20 + 26 = 46\) 個のクッキーを食べました。妹は \(5 + 13 = 18\) 個のクッキーを食べました。

次に、それぞれが食べたクッキーのカロリーを計算します。スーが食べたクッキーのカロリーは \(46 \times 200 = 9200\) カロリーです。妹が食べたクッキーのカロリーは \(18 \times 200 = 3600\) カロリーです。

最後に、スーが妹よりも何カロリー多く摂取したかを計算します。スーと妹のカロリーの差は \(9200 - 3600 = 5600\) カロリーです。

スーが妹よりも5600カロリー多く摂取しました。$\boxed{5600}$",5600,
polymath-low-ja-0,"ジェネットの鶏は1日16個の卵を産みます。彼女は毎朝3個の卵を朝食に食べ、友人为了做松饼每天使用4个。残りの卵は彼女が市場で販売し、1個あたり2ドルで販売します。彼女は1日に市場でいくら稼ぐでしょうか。

1日で卵を消費する量は、朝食に3個と松饼に4個の合計7個です。したがって、市場で販売できる卵の数は16個から7個を引いた9個です。これらの9個の卵を2ドルで販売すると、彼女は1日に$\boxed{18}$ドル稼ぎます。",18,18
polymath-low-ja-1,青い糸が必要な分は2ボルトで、それの半分の白い糸が必要です。したがって、白い糸は2ボルトの半分、つまり1ボルトが必要です。青い糸と白い糸を合わせると、総計3ボルトが必要となります。$\boxed{3}$,3,3
polymath-low-ja-2,"Joshが家を翻新することを試みます。彼は家を80,000ドルで購入し、その後、50,000ドルを修理に費やしました。これにより、家の価値は150パーセント上昇しました。彼がどれだけ利益を得たかを計算します。

まず、修理後の家の価値を計算します。修理前の価値は80,000ドルで、150パーセント上昇したので、価値は
\[ 80,000 + 80,000 \times 1.5 = 80,000 + 120,000 = 200,000 \text{ドル} \]

次に、彼が投資した合計金額を計算します。購入価格と修理費の合計は
\[ 80,000 + 50,000 = 130,000 \text{ドル} \]

最後に、彼が得た利益を計算します。利益は売却価格から投資した合計金額を引くので
\[ 200,000 - 130,000 = 70,000 \text{ドル} \]

したがって、彼が得た利益は70,000ドルです。$\boxed{70000}$",70000,70000
polymath-low-ja-3,"ジェイムズは1週間に3回、それぞれ3つのスプリントを走ります。各スプリントは60メートルです。したがって、1回のスプリントで走る距離は60メートルで、1週間に走る総距離は \(3 \times 3 \times 60 = 540\) メートルです。

$\boxed{540}$",540,540
polymath-low-ja-4,"まず、Wendiの鶏が一日に必要な総量を計算します。1羽の鶏は3杯の混合飼料が必要で、彼女は20羽の鶏を飼っています。したがって、一日に必要な総量は \(20 \times 3 = 60\) 杯です。

次に、朝と昼に与えられた量を合計します。朝に与えられた量は15杯、昼に与えられた量は25杯です。したがって、朝と昼に合計で与えられた量は \(15 + 25 = 40\) 杯です。

最後に、一日に必要な総量から朝と昼に与えられた量を引くと、夕方の最終的な食事の量が分かります。つまり、\(60 - 40 = 20\) 杯です。

したがって、Wendiは夕方に鶏に20杯の飼料を与えます。$\boxed{20}$",20,20
polymath-low-ja-5,"Kylarが新しいアパートで spectacle を買うために店に行きました。1つの spectacle の価格は $5 ですが、2つ目の spectacle はその価格の60%になります。Kylarは16つの spectacle を買うつもりです。彼はそれらを何ドル払う必要がありますか？

Kylarは16つの spectacle を買うために、最初の1つは $5、そして2つ目の spectacle は $5 の60%、つまり $3 になります。このパターンは16つの spectacle について繰り返されます。

1つ目の spectacle: $5
2つ目の spectacle: $5 × 0.6 = $3
3つ目の spectacle: $5
4つ目の spectacle: $5 × 0.6 = $3

このパターンは、1つと2つ目の spectacle の価格が交互に $5 と $3 になります。16つの spectacle は8つのペアに分けられます。

1つのペアの価格: $5 + $3 = $8
8つのペアの価格: $8 × 8 = $64

Kylarは16つの spectacle を買うために $64 を支払う必要があります。

$\boxed{64}$",64,64
polymath-low-ja-6,シアトルに20頭の羊があるとします。チャールストンにはシアトルの羊の数の4倍の羊がありますから、チャールストンには \(20 \times 4 = 80\) 头の羊があります。トゥルーソーにはチャールストンの羊の数の2倍の羊がありますから、トゥルーソーには \(80 \times 2 = 160\) 头の羊があります。したがって、シアトル、チャールストン、トゥルーソーの羊の総数は \(20 + 80 + 160 = 260\) 头です。$\boxed{260}$,260,260
polymath-low-ja-7,"カルラは200 GBのファイルをダウンロードしています。通常は1分間に2 GBをダウンロードできますが、ダウンロードの40%のところでは、ウィンドウが更新をインストールするために強制的に再起動し、その作業には20分かかります。その後、ダウンロードは頭からやり直しになります。このダウンロードはどのくらいの時間かかりますか？

まず、200 GBの40%は \(200 \times 0.4 = 80\) GBです。つまり、最初の80 GBをダウンロードするために必要な時間は \(80 \div 2 = 40\) 分です。

その後、20分間の再起動が必要です。再起動後、カルラは最初からダウンロードを再開します。つまり、残りの120 GBをダウンロードするために必要な時間は \(120 \div 2 = 60\) 分です。

したがって、全体のダウンロード時間は \(40 + 20 + 60 = 120\) 分です。

カルラがファイルをダウンロードするのにかかる時間は$\boxed{120}$分です。",120,160
polymath-low-ja-8,"ジョンは最初に3時間60マイル/時間で車を運転し、その後家に忘れ物があったことに気づいてUターンします。彼は4時間で家に戻ろうとするが、最初の2時間は交通渋滞に遭遇し、その後30マイル/時間で30分間運転し、最後に残りの時間は80マイル/時間で運転します。4時間後、彼から家までの距離はどのくらいですか？

ジョンは最初に60マイル/時間で3時間運転し、したがって最初の3時間の距離は $60 \times 3 = 180$ マイルです。

その後、交通渋滞に遭遇し、2時間は進まず、30マイル/時間で30分間運転します。30分は0.5時間なので、この間の距離は $30 \times 0.5 = 15$ マイルです。

最後に、80マイル/時間で残りの時間（4 - 2 - 0.5 = 1.5時間）を運転します。この間の距離は $80 \times 1.5 = 120$ マイルです。

したがって、4時間後の合計距離は $180 - 15 + 120 = 285$ マイルです。しかし、これは家から家への距離ではなく、家から離れた距離です。最初の180マイルを戻すために15マイルを引いた後、さらに120マイル進むと、合計で $180 - 15 + 120 = 285$ マイル進みますが、家から家への距離は180マイルです。

したがって、4時間後、ジョンは家から $\boxed{15}$ マイル離れているです。",15,45
polymath-low-ja-9,"エルizaは1週間で40時間まで1時間あたり10ドルで働きます。それ以上の時間は1.2倍の時間外料金で支払われます。エルizaがこの週に45時間働いた場合、彼女のこの週の収入はいくらになりますか？

まず、エルizaが通常時間で働いた時間は40時間で、それ以外の時間は5時間です。

通常時間の収入は：
\[ 40 \text{時間} \times 10 \text{ドル/時間} = 400 \text{ドル} \]

時間外の収入は：
\[ 5 \text{時間} \times (10 \text{ドル/時間} \times 1.2) = 5 \text{時間} \times 12 \text{ドル/時間} = 60 \text{ドル} \]

合計収入は：
\[ 400 \text{ドル} + 60 \text{ドル} = 460 \text{ドル} \]

したがって、エルizaのこの週の収入は$\boxed{460}$ドルです。",460,460
polymath-low-ja-10,"新プログラムは最初の月に60ダウンロードを受け取りました。二番目の月のダウンロード数は最初の月の3倍で、三番目の月には30%減少しました。このプログラムが3ヶ月間で合計で何回ダウンロードされたか計算します。

1. 最初の月のダウンロード数は60です。
2. 二番目の月のダウンロード数は最初の月の3倍なので、$60 \times 3 = 180$です。
3. 三番目の月のダウンロード数は二番目の月の70%（100% - 30%）なので、$180 \times 0.7 = 126$です。

3ヶ月間の合計ダウンロード数は、最初の月の60、二番目の月の180、そして三番目の月の126を足し合わせます。つまり、$60 + 180 + 126 = 366$です。

このプログラムが3ヶ月間で合計で$\boxed{366}$回ダウンロードされました。",366,366
polymath-low-ja-11,"トゥーラはベーカリーで様々な種類の菓子を購入しました。ドーナツは3 dozenで、1 dozenあたり$68でした。ミニカップケーキは2 dozenで、1 dozenあたり$80でした。ミニチーズケーキは6 dozenで、1 dozenあたり$55でした。これらの菓子の合計金額はいくらですか？

まず、ドーナツの合計金額を計算します：
3 dozen × $68 per dozen = $204

次に、ミニカップケーキの合計金額を計算します：
2 dozen × $80 per dozen = $160

最後に、ミニチーズケーキの合計金額を計算します：
6 dozen × $55 per dozen = $330

これらの合計金額を足し合わせます：
$204 + $160 + $330 = $694

したがって、トゥーラがこれらの菓子を購入するために支払った合計金額は$\boxed{694}$です。",694,694
polymath-low-ja-12,"カルロスが Lemon ツリーを植えるには 90 ドルかかります。毎年ツリーは 7 個の Lemon を成長させ、それぞれ 1.5 ドルで売ることができます。水と肥料にかかる年間費用は 3 ドルです。彼が Lemon の収益を始めるまでに何年かかるかを計算します。

まず、収益が開始されるためには、年間の収入が年間の費用を上回る必要があります。年間の収入は 7 レモン × 1.5 ドル = 10.5 ドルです。年間の費用は 3 ドルです。

次に、初期費用を回収するために必要な年数を計算します。初期費用は 90 ドルで、毎年 10.5 ドルの差額が生まれます。したがって、必要な年数は \(\frac{90}{10.5} \approx 8.57\) 年です。整数年で計算すると、9 年が必要となります。

したがって、彼が Lemon の収益を始めるまでに 9 年かかるでしょう。$\boxed{9}$",9,13
polymath-low-ja-13,"メラニイはドア・トゥ・ドアの販売womanとして働いています。彼女は緑の家で真空掃除機の三分の一つを売りました。赤い家には2台追加で売りました。そして、残りの半分をオレンジの家で売りました。メラニイは5台の真空掃除機が残っている場合、彼女は最初に何台持っていたかを計算します。

まず、メラニイがオレンジの家で半分を売った後、5台が残っているということから、彼女はオレンジの家で売った前には10台の真空掃除機を持っていました（5台 × 2 = 10台）。

次に、メラニイは赤い家に2台追加で売ったので、彼女は赤い家で売った前には8台の真空掃除機を持っていました（10台 - 2台 = 8台）。

最後に、メラニイは緑の家で真空掃除機の三分の一つを売ったので、彼女は最初に持っていた真空掃除機の数を計算します。彼女が緑の家で売った後には8台が残っていたので、彼女は最初に24台の真空掃除機を持っていました（8台 × 3 = 24台）。

したがって、メラニイは最初に$\boxed{24}$台の真空掃除機を持っていました。",24,18
polymath-low-ja-14,ダンスクラスの20人の学生のうち、20%がコンテンポラリーダンスに登録しました。つまり、20人の20%は4人です。残りの学生は20 - 4 = 16人です。そのうち25%がジャズダンスに登録しました。つまり、16人の25%は4人です。したがって、ヒップホップダンスに登録した学生は16 - 4 = 12人です。全体の学生の割合は、12人除以20人で計算すると60%になります。$\boxed{60}$,60,60
polymath-low-ja-15,"まず、ジュエリーの市場価格が2.5%上昇すると計算します。$5,000のジュエリーの価格が2.5%上昇すると、次のようになります。

\[ 5000 \times 1.025 = 5125 \]

次に、電子機器の市場価格が1.2%上昇すると計算します。$8,000の電子機器の価格が1.2%上昇すると、次のようになります。

\[ 8000 \times 1.012 = 8096 \]

次に、それぞれの市場価格の上昇分を計算します。

ジュエリーの場合:
\[ 5125 - 5000 = 125 \]

電子機器の場合:
\[ 8096 - 8000 = 96 \]

最後に、最大の利益を求めるためには、ジュエリーを選択することになります。この場合の利益は125ドルです。

したがって、最大の利益は$\boxed{125}$ドルです。",125,125
polymath-low-ja-16,それぞれの列車は2日間で合計130マイルを走行します。最初の1日目は、西に向かって80マイル走行し、次の日は北に向かって150マイル走行します。したがって、各列車が2日間で走行した距離は$\boxed{230}$マイルです。,230,230
polymath-low-ja-17,"ジルは1週間に35時間教師として働き、15時間コーチとして働きます。彼女は年間50週間働きます。まず、教師としての時給は20ドル、コーチとしての時給は30ドルです。

教師としての年収は、35時間 × 20ドル = 700ドルです。1週間の教師としての収入を計算し、それを年間の週数50で掛けると、700ドル × 50 = 35,000ドルです。

コーチとしての年収は、15時間 × 30ドル = 450ドルです。1週間のコーチとしての収入を計算し、それを年間の週数50で掛けると、450ドル × 50 = 22,500ドルです。

これらを足し合わせると、ジルの年収は35,000ドル + 22,500ドル = 57,500ドルです。

したがって、ジルの年収は$\boxed{57500}$ドルです。",57500,57500
polymath-low-ja-18,"クライルは毎朝3卵のオムレツを作ります。4週間で何個の dozen の卵を食べますか？

まず、1週間に何日あるかを計算します。1週間は7日です。

次に、1日あたりの卵の数を計算します。クライルは毎朝3卵のオムレツを作ります。

1週間にクライルが卵を何個食べているかを計算します。
\[ 3 \text{卵} \times 7 \text{日} = 21 \text{卵} \]

次に、4週間でクライルが卵を何個食べているかを計算します。
\[ 21 \text{卵} \times 4 \text{週} = 84 \text{卵} \]

最後に、84卵を dozen（1 dozen = 12卵）に変換します。
\[ \frac{84 \text{卵}}{12 \text{卵/ dozen}} = 7 \text{ dozen} \]

したがって、4週間でクライルが食べる卵の数は7 dozenです。

\boxed{7}",7,7
polymath-low-ja-19,"マリサは12マイルのトレッキングをしています。最初の4マイルを1時間で歩き、次に2マイルを1時間で歩きました。彼女が平均速度を4マイル/時間にしたい場合、残りの距離を歩く速度（マイル/時間）は何マイル必要ですか？

まず、マリサが既に歩いた距離と時間を計算します。最初の4マイルを1時間、次に2マイルを1時間で歩いたので、合計で6マイルを2時間で歩きました。

彼女が全体の平均速度を4マイル/時間にしたいので、12マイルを歩くのに必要な合計時間は、
\[ \frac{12 \text{マイル}}{4 \text{マイル/時間}} = 3 \text{時間} \]

彼女は既に2時間歩いているため、残りの時間を計算します。
\[ 3 \text{時間} - 2 \text{時間} = 1 \text{時間} \]

残りの6マイルを1時間で歩くためには、彼女は次の速度が必要です。
\[ \frac{6 \text{マイル}}{1 \text{時間}} = 6 \text{マイル/時間} \]

したがって、彼女は残りの距離を歩くために6マイル/時間の速度で歩く必要があります。$\boxed{6}$",6,6
polymath-low-ja-20,"まず、オレンジジュースについて考えます。10リットルのオレンジジュースのうち、$\frac{2}{3}$が水です。したがって、水の量は$10 \times \frac{2}{3} = \frac{20}{3} \approx 6.67$リットルです。しかし、1リットルをこぼしてしまうので、残りのオレンジジュースの量は9リットルになります。したがって、残りのオレンジジュースの水の量は$9 \times \frac{2}{3} = 6$リットルです。

次に、ピーナッツジュースについて考えます。15リットルのピーナッツジュースのうち、$\frac{3}{5}$が水です。したがって、水の量は$15 \times \frac{3}{5} = 9$リットルです。

最後に、残りのオレンジジュースとピーナッツジュースの水の量を合計します。オレンジジュースの水は6リットル、ピーナッツジュースの水は9リットルなので、合計は$6 + 9 = 15$リットルです。

したがって、残りの24リットルの飲み物に含まれる水の量は$\boxed{15}$リットルです。",15,15
polymath-low-ja-21,サミュエルは現在31歳です。レイモンドはサミュエルの6年前に生まれたので、レイモンドは現在31 - 6 = 25歳です。レイモンドは23歳で子供を出産したので、レイモンドの子供は25 - 23 = 2年前に生まれました。$\boxed{2}$,2,14
polymath-low-ja-22,ビルリーは火曜日に8人の顧客からDVDを販売しました。最初の3人の顧客はそれぞれ1枚のDVDを購入し、次の2人の顧客はそれぞれ2枚のDVDを購入しました。最後の3人の顧客は何も購入しませんでした。ビルリーは火曜日に\boxed{8}枚のDVDを販売しました。,8,7
polymath-low-ja-23,"1:00 PMから5:00 PMまで、ろうそくは5時間燃えます。1時間に2cmほど溶けるので、5時間で溶ける長さは \(5 \times 2 = 10\) cmです。

\[
\boxed{10}
\]",10,8
polymath-low-ja-24,"Kyle が去年の人気本を $19.50 で買いました。これは元の価格から 25\% の割引価格です。元の価格はいくらだったでしょうか。

 Kyle が支払った価格は元の価格から 25\% の割引を受けているため、支払った価格は元の価格の 75\% に相当します。つまり、$19.50 = 元の価格 \times 75\%$ です。

これを元の価格で表すと、
\[ 元の価格 = \frac{19.50}{0.75} \]

計算すると、
\[ 元の価格 = 26.00 \]

したがって、元の価格は $\boxed{26.00}$ です。",0,26
polymath-low-ja-25,"マリーセは1つのチキンのメニューを注文し、12ドル、5つのミルクを注文し、それぞれ3ドル、4つのリンゴを注文し、それぞれ1.50ドル、そしていくつかのピザの箱を注文しました。マリーセは合計で50ドルを支払いました。1つの箱が8.50ドルで、マリーセが注文したピザの箱の数は何個ですか？

12ドルのチキンのメニューと5つのミルク（3ドルずつ）の合計は：
\[ 12 + 5 \times 3 = 12 + 15 = 27 \] ドル

4つのリンゴ（1.50ドルずつ）の合計は：
\[ 4 \times 1.50 = 6 \] ドル

チキンのメニュー、ミルク、リンゴの合計は：
\[ 27 + 6 = 33 \] ドル

マリーセが支払った合計金額は50ドルなので、ピザの箱の合計金額は：
\[ 50 - 33 = 17 \] ドル

1つのピザの箱が8.50ドルなので、マリーセが注文したピザの箱の数は：
\[ \frac{17}{8.50} = 2 \]

したがって、マリーセが注文したピザの箱の数は2個です。$\boxed{2}$",2,2
polymath-low-ja-26,"ミシュカは3つのショート、3つのパンツ、そして3つのシューズを購入しました。1つのショートは$16.50、1つのパンツは$22.50、そして1つのシューズは$42です。ミシュカがすべての衣料品に費やした金額はいくらですか？

ミシュカがショートに費やした金額は、$16.50 \times 3 = $49.50 です。
ミシュカがパンツに費やした金額は、$22.50 \times 3 = $67.50 です。
ミシュカがシューズに費やした金額は、$42 \times 3 = $126 です。

これらを合計すると、$49.50 + $67.50 + $126 = $243 です。

したがって、ミシュカがすべての衣料品に費やした金額は $\boxed{243}$ ドルです。",243,243
polymath-low-ja-27,"シンシアは毎晩アイスクリームを1サービング食べます。アイスクリームのパックには15サービングが入っており、1パックは$4.00です。60日間でシンシアはアイスクリームにどれだけ費やすのでしょうか。

シンシアは1日1サービングを食べるので、60日間で60サービング必要です。1パックに15サービング入っているため、必要なパック数は$\frac{60}{15} = 4$パックです。1パックが$4.00なので、4パックのコストは$4.00 \times 4 = 16.00$です。

シンシアはアイスクリームに$\boxed{16}$ドル費やすことになります。",16,16
polymath-low-ja-28,Henryの自転車旅行では、彼は60マイルを旅しました。最初の休憩では20マイルで休憩し、旅行の終わりから15マイル前に2つ目の休憩をしました。彼が最初の休憩後、2つ目の休憩までの距離を計算すると、旅行の終わりまで15マイル残っているので、20マイルから15マイルを引くと、5マイルが答えになります。したがって、Henryは最初の休憩後、2つ目の休憩までの距離は$\boxed{5}$マイルです。,5,25
polymath-low-ja-29,"Gloriaがブーツを見つけたとき、彼女はその価格が彼女の予算に合っていることに気づきました。しかし、彼女はブーツと、ブーツよりも5ドル安い2足のハイヒールを選ばなければなりません。1足のヒールは33ドルで、もう1足はその2倍の価格です。その2足のヒールの合計価格はどのくらいですか？そして、ブーツの価格はどのくらいですか？

まず、2足のヒールの価格を計算します。1足のヒールは33ドルで、もう1足はその2倍なので、
\[ 33 \times 2 = 66 \text{ドル} \]

2足のヒールの合計価格は
\[ 33 + 66 = 99 \text{ドル} \]

次に、ブーツの価格を計算します。2足のヒールの合計価格はブーツよりも5ドル少ないということなので、ブーツの価格は
\[ 99 + 5 = 104 \text{ドル} \]

したがって、ブーツの価格は$\boxed{104}$ドルです。",104,104
polymath-low-ja-30,"ダレルとアレンの年齢比は7:11です。彼らの現在の年齢合計は162です。10年後、アレンの年齢を計算します。

まず、年齢比からそれぞれの年齢を表すために、7xと11xとします。このとき、7x + 11x = 162 です。

これを解くと、18x = 162 で、x = 162 ÷ 18 = 9 です。

アレンの現在の年齢は11x = 11 × 9 = 99歳です。

10年後、アレンの年齢は99 + 10 = 109歳になります。

したがって、アレンの10年後の年齢は$\boxed{109}$です。",109,109
polymath-low-ja-31,"まず、各友人が何と答えたかを計算します。

1. 第一個朋友的答案是80。

2. 第二個朋友的答案是第一個朋友答案的一半加上20。計算如下：
   \[
   \frac{80}{2} + 20 = 40 + 20 = 60
   \]

3. 第三個朋友的答案是第一個朋友答案的125%。計算如下：
   \[
   80 \times 1.25 = 100
   \]

次に、これらの答えの平均を計算します。平均は合計を個数で割ることで得られます。
\[
\text{平均} = \frac{80 + 60 + 100}{3} = \frac{240}{3} = 80
\]

したがって、彼らの平均の推定は$\boxed{80}$です。",80,80
mgsm-ja-141,"蜂の巣には700匹の蜂がいます。働き蜂は子供蜂の2倍で、子供蜂は女王蜂の2倍です。働き蜂はいくつありますか？

まず、女王蜂の数を \( Q \) とします。すると、子供蜂の数は \( 2Q \) で、働き蜂の数は \( 2 \times 2Q = 4Q \) となります。

これらの数を合計すると、
\[ Q + 2Q + 4Q = 7Q \]
これが700匹なので、
\[ 7Q = 700 \]
これを解くと、
\[ Q = \frac{700}{7} = 100 \]

したがって、子供蜂の数は \( 2Q = 2 \times 100 = 200 \) で、働き蜂の数は \( 4Q = 4 \times 100 = 400 \) です。

働き蜂の数は \boxed{400} です。",400,400
mgsm-ja-142,"ジョーダンは毎日2時間ゲームをプレイしています。彼は時給10ドルでパートタイムの仕事に就いています。1週間でジョーダンがゲームの時間を仕事に費やした場合、彼はどれだけお金を稼ぐでしょうか。

ジョーダンは1日2時間仕事をすれば、1日に$20稼げます。1週間は7日間なので、$20 × 7 = $140稼げます。

したがって、ジョーダンは1週間で$\boxed{140}$ドル稼ぐことができます。",140,140
mgsm-ja-143,"ジョンはミルクを2ドル、卵を3ドル、電球を3ドル、カップを3ドル、害虫駆除剤を4ドルで購入しました。すべての非食品品に対して10%の税が課される場合、すべての物品の総費用はいくらですか。

まず、食品と非食品を分けて計算します。

食品はミルクと卵のみで、合計は：
\[ 2 + 3 = 5 \text{ドル} \]

非食品は電球、カップ、害虫駆除剤で、合計は：
\[ 3 + 3 + 4 = 10 \text{ドル} \]

非食品に対して10%の税が課されるので、税額は：
\[ 10 \times 0.10 = 1 \text{ドル} \]

税を含めた非食品の総費用は：
\[ 10 + 1 = 11 \text{ドル} \]

最後に、食品と非食品の費用を合計します：
\[ 5 + 11 = 16 \text{ドル} \]

したがって、すべての物品の総費用は$\boxed{16}$ドルです。",16,16
mgsm-ja-144,"まず、Kimが抱えるクライアント数を計算します。彼は既に3人のクライアントを持ち、さらに5人の潜在的なクライアントと話しています。したがって、彼の合計クライアント数は \(3 + 5 = 8\) 人です。

次に、各クライアントが必要とする物品を計算します。各クライアントは2本の漂白剤と1つのタオルパックが必要です。漂白剤は1本2ドルで、タオルパックは1つ5ドルです。したがって、1クライアントあたりの費用は \(2 \times 2 + 5 = 4 + 5 = 9\) ドルです。

8人のクライアントがいるため、合計費用は \(8 \times 9 = 72\) ドルです。

Kimの週間収入は92ドルなので、彼の週間利益は収入から費用を引くことで計算できます。つまり、利益は \(92 - 72 = 20\) ドルです。

したがって、Kimは毎週 $\boxed{20}$ ドルの利益を得ることができます。",20,20
mgsm-ja-145,"ジョンは10ヘクタールのパインapple畑を持っています。1ヘクタールあたりには100個のパインappleがあります。ジョンは3ヶ月ごとにパインappleを収穫できます。1年間でジョンは何個のパインappleを収穫できるでしょうか？

1年は12ヶ月で、3ヶ月ごとに1回収穫できるので、1年間で4回収穫できます。1ヘクタールあたり100個のパインappleがあり、10ヘクタールなので、1回の収穫で \(100 \times 10 = 1000\) 個のパインappleが収穫できます。4回収穫すると、\(1000 \times 4 = 4000\) 個のパインappleが収穫できます。

$\boxed{4000}$",4000,4000
mgsm-ja-146,"ジョンnyは部屋の床に積み出したLEGOの箱詰めセットをすべて拾います。500ピースの箱詰めセットと、それよりも3倍のピース数の箱詰めセット、そしてそれの1/4のピース数の箱詰めセットがあります。ジョンnyがすべてのLEGOを拾うと、何個のブロックを拾いますか？

500ピースの箱詰めセットはそのまま500個です。

次に、3倍のピース数の箱詰めセットは \(500 \times 3 = 1500\) 個です。

最後に、1/4のピース数の箱詰めセットは \(500 \div 4 = 125\) 個です。

これらをすべて合計すると、
\[500 + 1500 + 125 = 2125\]

ジョンnyが拾うLEGOのブロックの総数は2125個です。

$\boxed{2125}$",2125,
mgsm-ja-147,デブラは1日中蜂が蜂の巣を出入りするのを観察していました。最初の6時間で30匹の蜂が巣を出発し、その後の6時間でその半分の蜂が巣に戻りました。次に、最初に見つけた蜂の2倍の蜂が巣を出発し、次の6時間で出発しました。そして最後の6時間で、最初に見つけた蜂がすべて巣に戻りました。最後の6時間でデブラが見つけた巣に戻った蜂の数は$\boxed{30}$です。,30,75
mgsm-ja-148,"まず、博物館の入場料について考えます。大人の料金は12ドルで、子供の料金は10ドルです。Brittanyの母親は1つの子供のチケットと1つの大人のチケットを購入しました。したがって、合計の料金は10ドル（子供）+ 12ドル（大人）= 22ドルです。

Brittanyの母親が受け取った返金は8ドルでした。つまり、彼女が支払った金額から22ドルを引いたものが8ドルになります。したがって、彼女が支払った金額は22ドル + 8ドル = 30ドルです。

したがって、Brittanyの母親がカウンターに渡した金額は$\boxed{30}$ドルです。",30,30
mgsm-ja-149,"ドロシーのフェイスブックの友達数を \(x\) とします。チャリリーがドロシーの3倍の友達を持っているので、チャリリーの友達数は \(3x\) となります。問題文によると、チャリリーは12人の友達を持っているため、
\[3x = 12\]
これを解くと
\[x = \frac{12}{3} = 4\]
ドロシーは4人の友達を持っています。

ジェームズはドロシーの4倍の友達を持っているので、ジェームズの友達数は
\[4x = 4 \times 4 = 16\]
ジェームズは \(\boxed{16}\) 人の友達を持っています。",16,16
mgsm-ja-150,"まず、Steveが自転車で学校から自宅までどれくらいの時間を必要とするか計算します。Steveの自宅から学校までの距離は3マイルで、1マイルは5280フィートです。したがって、Steveの自宅から学校までの距離は：

\[ 3 \text{マイル} \times 5280 \text{フィート/マイル} = 15840 \text{フィート} \]

Steveの自転車の速度は440フィート/分なので、彼が到着するまでにかかる時間は：

\[ \frac{15840 \text{フィート}}{440 \text{フィート/分}} = 36 \text{分} \]

次に、Timがスケートボードで学校から自宅までどれくらいの時間を必要とするか計算します。Timの自宅から学校までの距離は2マイルで、1マイルは5280フィートです。したがって、Timの自宅から学校までの距離は：

\[ 2 \text{マイル} \times 5280 \text{フィート/マイル} = 10560 \text{フィート} \]

Timのスケートボードの速度は264フィート/分なので、彼が到着するまでにかかる時間は：

\[ \frac{10560 \text{フィート}}{264 \text{フィート/分}} = 40 \text{分} \]

TimがSteveよりも4分早く到着するため、SteveはTimが到着した後で4分待つことになります。したがって、SteveがTimを待つ時間は4分です。

$\boxed{4}$",4,4
mgsm-ja-151,"シャウンドラは、 Neighborhood の子供たちのためにタイヤのインフレーションサービスを提供することに決めました。彼女はタイヤごとに料金を設定し、1つのタイヤをインフレートするには25セントかかります。最初の日には、5人の人が自転車で来られて両方のタイヤをインフレートしてもらいました。さらに、3人の人がトリクルートのすべてのタイヤをインフレートしてもらいました。最後に、1人の人が独輪車で来られて1つのタイヤをインフレートしてもらいました。

最初の日、シャウンドラは以下の料金を徴収しました：
- 自転車のタイヤ：5人 × 2タイヤ × 25セント = 250セント
- トリクルートのタイヤ：3人 × 3タイヤ × 25セント = 225セント
- 独輪車のタイヤ：1人 × 1タイヤ × 25セント = 25セント

合計料金は：
250セント + 225セント + 25セント = 500セント

500セントは5ドルに相当します。したがって、シャウンドラはその日に $\boxed{5}$ ドルを稼ぎました。",5,5
mgsm-ja-152,"Carlが10つのクッキーのパックを買います。各パックには6つのクッキーが入っています。各クッキーは$0.10で、Carlが$10の紙幣で支払う場合、彼はいくらの零細金を手に入れるでしょうか。

まず、Carlが購入するクッキーの総数を計算します。10パック × 6クッキー/パック = 60クッキー

次に、クッキーの総コストを計算します。60クッキー × $0.10/クッキー = $6.00

Carlが支払った金額は$10で、クッキーの総コストは$6.00なので、差額を計算します。$10 - $6.00 = $4.00

したがって、Carlは$4.00の零細金を受け取ります。$\boxed{4}$",4,4
mgsm-ja-153,"ダグが買ったポテトのパックには、最初に14個のポテトを食べた後、 seabird がパックを奪って、ダグが食べたポテトの半分を食べた。その後、3匹の pigeon が食べ、それぞれ3個ずつ食べた。さらに、raccoon が残りのポテトの2/3を食べた後、ants が最後の1個を食べた。最後には5個のポテトが残っていた。

まず、ants が食べた後、5個のポテトが残っていたので、ants が食べた前は \(5 + 1 = 6\) 個のポテトがありました。

次に、raccoon が食べた前は、ants が食べた前よりも3倍多かったので、\(6 \times 3 = 18\) 個のポテトがありました。

その後、3匹の pigeon が食べたので、それぞれ3個ずつ食べたため、pigeon が食べた前は \(18 + 3 \times 3 = 27\) 個のポテトがありました。

次に、seabird が食べた前は、ダグが食べたポテトの半分を食べたので、ダグが食べた前は \(27 + 14 = 41\) 個のポテトがありました。

最後に、ダグが食べた前は \(41 + 14 = 55\) 個のポテトがありました。

したがって、ポテトのパックには \(\boxed{55}\) 個のポテトが入っていました。",55,48
mgsm-ja-154,月曜日、水曜日、金曜日に3時間のクラスがあり、それぞれの日は1時間ずつなので、これらの日には $3 \times 3 = 9$ 時間があります。火曜日と木曜日に2時間のクラスがあり、それぞれの日は2時間ずつなので、これらの日には $2 \times 2 = 4$ 時間があります。1週間の合計は $9 + 4 = 13$ 時間です。1学期は16週間なので、合計の時間は $13 \times 16 = 208$ 時間です。したがって、1学期にKimoが授業に費やす時間は $\boxed{208}$ 時間です。,208,272
mgsm-ja-155,"ビルは毎日300個のパン、120個のチョコレートクロワッサン、そして60本のバゲットを焼きます。各パンは4インチ長、各クロワッサンは6インチ長、そして各バゲットは2フィート長です。すべての焼き菓子を端から端まで並べた場合、それらの長さはフィートでどのくらいになりますか？

まず、各種類の焼き菓子の長さを計算します。

パンの長さ:
300個 × 4インチ = 1200インチ

クロワッサンの長さ:
120個 × 6インチ = 720インチ

バゲットの長さ:
60本 × 2フィート = 120フィート

次に、これらの長さをフィートに変換します。1フィート = 12インチです。

パンの長さ（フィートに変換）:
1200インチ ÷ 12 = 100フィート

クロワッサンの長さ（フィートに変換）:
720インチ ÷ 12 = 60フィート

バゲットの長さは既にフィートで与えられています。

最後に、すべての長さを足して合計の長さを求めます。

100フィート + 60フィート + 120フィート = 280フィート

したがって、すべての焼き菓子を端から端まで並べた場合の長さは280フィートです。

$\boxed{280}$",280,280
mgsm-ja-156,猿の zookeeper は、動物園のすべてのアピを養うために、地元の農場から毎2ヶ月に一度バナナを注文します。猿は毎月200個のバナナを必要とし、ゴリラは400個、バンブーは100個必要です。2ヶ月分のバナナを注文するには、合計で \boxed{1800} 個のバナナが必要です。,1800,1400
mgsm-ja-157,"ブレックとケリーは、15分間で最も多く走ることができるコンテストをやることに決めました。彼らは100ヤードのアメリカンフットボール場で走ることにしました。ブレックは往復15回走ります。ケリーは最初に往復1回走りますが、ブレックと一緒に走ることをやめることに決め、40ヤードラインまで行き戻る走り方を34回行います。勝者と敗者間の距離差はどのくらいですか？

ブレックは、100ヤードを往復するので、1回の距離は200ヤードです。彼は15回走るので、合計距離は$200 \times 15 = 3000$ヤードです。

ケリーは最初に100ヤードを1回走ります。その後、40ヤードを往復するので、1回の距離は80ヤードです。彼女は34回走るので、合計距離は$80 \times 34 = 2720$ヤードです。

ブレックが走った距離とケリーが走った距離の差は、$3000 - 2720 = 280$ヤードです。

$\boxed{280}$",280,80
mgsm-ja-158,"ラファエルは学校用品を購入するために行きました。彼は4本のペンを$1.5ずつで購入し、2冊のノートを$4ずつで購入し、そしてボンド紙のリムを$20で購入しました。ラファエルがすべてのものを購入するためにどれだけ支払ったか計算すると、以下のようになります。

4本のペンの合計は \(4 \times 1.5 = 6\) ドルです。
2冊のノートの合計は \(2 \times 4 = 8\) ドルです。
ボンド紙のリムは \(20\) ドルです。

これらを合計すると、ラファエルが支払った金額は \(6 + 8 + 20 = 34\) ドルです。

ラファエルが支払った金額は、$\boxed{34}$ ドルです。",34,34
mgsm-ja-159,フィンが池で11匹の tadpole を見ています。それから、6匹が水生植物の葉の下から出てきます。そして、2匹が岩の下に隠れます。池でフィンが見ることができる tadpole の数は、最初の11匹から6匹を引いて2匹を足すと、$\boxed{7}$匹になります。,7,15
mgsm-ja-160,月曜日に水槽の深さは17フィートでした。火曜日には、水槽に7フィート分の水が増加しました。水槽の水深は火曜日の2/3になりました。水槽の水深は水曜日に$\boxed{18}$フィートです。,18,16
mgsm-ja-161,アナンクは10つのスターフィッシュ、6匹の海馬、そして3匹のクラウンフィッシュを捕まえました。ロシンはアナンクよりもスターフィッシュが5匹少ない、海馬が3匹少ない、そしてクラウンフィッシュが2匹多いと捕まえました。ロシンが捕まえた魚の数を計算すると、スターフィッシュは10 - 5 = 5匹、海馬は6 - 3 = 3匹、クラウンフィッシュは3 + 2 = 5匹です。合計で、アナンクとロシンが捕まえた魚の数は、スターフィッシュ10 + 5、海馬6 + 3、クラウンフィッシュ3 + 5を足し合わせることで、10 + 5 + 6 + 3 + 3 + 5 = 32匹です。$\boxed{32}$,32,32
mgsm-ja-162,"最初の価格は20ドルです。価格は2ヶ月ごとに元の価格の20%上昇します。36ヶ月後の価格を計算します。

まず、2ヶ月ごとの価格の増加を計算します。20%の増加は、20ドルの20%、つまり4ドルの増加です。したがって、2ヶ月ごとに4ドル上昇します。

36ヶ月は18回の2ヶ月間隔になります。よって、価格は18回にわたって4ドルずつ上昇します。

18回の上昇分を計算します：
\[ 18 \times 4 = 72 \]

元の価格20ドルにこの増加分を加えると：
\[ 20 + 72 = 92 \]

したがって、36ヶ月後の価格は92ドルです。$\boxed{92}$",92,92
mgsm-ja-163,"まず、赤い車の価格を $4 とします。すると、人形の価格は $4 + 3 \times 5 = 4 + 15 = 19$ ドルです。次に、すべての玩具の価値を計算します。

赤い車の価値は $4 \times 5 = 20$ ドルです。
人形の価値は $3 \times 5 = 15$ ドルです。
人形の価値は $19$ ドルです。

これらを合計すると、
\[ 20 + 15 + 19 = 54 \]

したがって、すべての玩具の価値は $\boxed{54}$ ドルです。",54,50
mgsm-ja-164,Jackieがアカウンタントを雇う場合と自分で税金を計算する場合との間で金銭的な差異を計算します。アカウンタントの料金は90ドルですが、自分で税金を計算する場合、彼女は3時間分のフリーランスの仕事の機会を失います。彼女はこの時間で35ドル/時間の収入を失います。したがって、3時間分の収入は$35 \times 3 = 105$ドルです。アカウンタントの料金90ドルから彼女が失う収入105ドルを引くと、$105 - 90 = 15$ドルとなります。つまり、アカウンタントを雇うことで、彼女は15ドル多く持つことができます。$\boxed{15}$,15,15
mgsm-ja-165,"エルビラは30歳の誕生日に、家族全員から募金した1500ユーロを使って新しいコンピュータと多くのアクセサリーを購入しました。彼女はコンピュータの価格は1090ユーロ、スクリーン、キーボード、マウス、スキャナの価格は157ユーロ、CD burnerの価格は74ユーロ、プリンターの価格は102ユーロを選んで購入しました。これらのアイテムの合計価格は、1090 + 157 + 74 + 102 = 1423ユーロです。彼女には1500ユーロの予算があり、1423ユーロを支出したため、残りの金額は1500 - 1423 = 77ユーロです。彼女はこの金額で服を購入することができます。

$\boxed{77}$",77,77
mgsm-ja-166,"サンダラは毎回ベビーシッターを務めると、近所の人から9つの卵をもらいます。スペインのフランを作るには3つの卵が必要です。サンダラが学校のファンドレイジングイベントのために15個のフランを作るために、彼女はベビーシッターを何回務める必要がありますか？

サンダラが15個のフランを作るには、必要な卵の数は \(15 \times 3 = 45\) 個です。彼女は毎回9つの卵をもらいますので、必要な卵の数を9で割ります。つまり、\(45 \div 9 = 5\) 回です。

サンダラはベビーシッターを5回務める必要があります。$\boxed{5}$",5,5
mgsm-ja-167,"セスの年齢は24歳です。セスはブロokeの年齢の2倍です。2年後、彼らの年齢の合計は28になります。まず、現在のブロokeの年齢を$x$とします。すると、セスの年齢は$2x$です。2年後、ブロokeの年齢は$x+2$、セスの年齢は$2x+2$になります。これらの年齢の合計は28なので、
\[ (x + 2) + (2x + 2) = 28 \]
これを解くと、
\[ 3x + 4 = 28 \]
\[ 3x = 24 \]
\[ x = 8 \]
ブロokeは現在8歳で、セスは$2 \times 8 = 16$歳です。しかし、問題文では2年後について言及しているため、セスの年齢は$16 + 2 = 18$歳になります。しかし、元の問題の条件に従って、現在のセスの年齢を計算すると、$2 \times 8 = 16$歳になります。したがって、正しい答えは2年後ではなく現在の年齢を求めるべきでした。つまり、セスは現在16歳です。$\boxed{16}$",16,16
mgsm-ja-168,"ジェイミーはエティルより2ドル多く、エティルが8ドルを持っている場合、ジェイミーはどのように多くのお金を持っているかを計算します。

エティルが持っている金額を2倍にし、その結果に2を足すと、ジェイミーが持っている金額がわかります。

\[ 2 \times 8 + 2 = 16 + 2 = 18 \]

ジェイミーは18ドルを持っているので、答えは$\boxed{18}$です。",18,18
mgsm-ja-169,"パンチョは平日の1日につき20マイルを歩きます。土日は10マイルを歩きます。1週間の合計マイル数を計算します。

1. 平日（月曜日から金曜日）は5日あります。
   5日間で歩く距離は \(5 \times 20 = 100\) マイルです。

2. 土日（土曜日と日曜日）は2日あります。
   2日間で歩く距離は \(2 \times 10 = 20\) マイルです。

3. 1週間の合計距離は \(100 + 20 = 120\) マイルです。

したがって、パンチョは1週間に $\boxed{120}$ マイル歩きます。",120,120
mgsm-ja-170,"まず、ハットのコストは25ドルです。ジャケットのコストはハットの3倍なので、
\[ 25 \times 3 = 75 \text{ドル} \]

次に、パンツのコストはハットとジャケットのコストの平均です。したがって、
\[ \frac{25 + 75}{2} = \frac{100}{2} = 50 \text{ドル} \]

最後に、すべてのアイテムのコストを足し合わせます。つまり、
\[ 25 + 75 + 50 = 150 \text{ドル} \]

したがって、各ユニフォームの総コストは$\boxed{150}$ドルです。",150,150
mgsm-ja-171,ジャックが見かける蜘蛛の足の数は、80匹 × 8本 = 640本です。昆虫の足の数は、90匹 × 6本 = 540本です。そして、稀な変異種の無脊椎動物の足の数は、3匹 × 10本 = 30本です。これらを合計すると、640 + 540 + 30 = 1210本の足があります。$\boxed{1210}$,1210,1210
mgsm-ja-172,"サリー・ツーはグランピーレッドより3歳年上です。グランピーレッドはサリー・フォーの2倍の年齢です。サリー・フォーとサリー・サリーストウェルは同じ年齢で、サリー・サリーストウェルは8歳です。それぞれの鳥の年齢を計算します。

1. サリー・サリーストウェルの年齢は8歳です。
2. サリー・フォーはサリー・サリーストウェルと同じ年齢なので、サリー・フォーも8歳です。
3. グランピーレッドはサリー・フォーの2倍の年齢なので、グランピーレッドは \(8 \times 2 = 16\) 歳です。
4. サリー・ツーはグランピーレッドより3歳年上なので、サリー・ツーは \(16 + 3 = 19\) 歳です。

次に、4羽の鳥の年齢を合計します。

\[ 8 + 8 + 16 + 19 = 49 \]

したがって、4羽の鳥の年齢の合計は \(\boxed{49}\) 歳です。",49,51
mgsm-ja-173,"Jessicaの学生ローン、クレジットカード、および-mortgageのそれぞれの最低返済額は、それぞれ$300、$200、$500です。彼女が最低返済額の50%以上を支払いたい場合、彼女はそれぞれの最低返済額の150%を支払う必要があります。

学生ローンの返済額は$300 × 1.5 = $450になります。
クレジットカードの返済額は$200 × 1.5 = $300になります。
-mortgageの返済額は$500 × 1.5 = $750になります。

これらを1年間で計算すると、それぞれの返済額は月に$450、$300、$750です。したがって、1年間の総返済額は、$450 × 12 + $300 × 12 + $750 × 12 = $5400 + $3600 + $9000 = $18000になります。

したがって、Jessicaは1年間で$\boxed{18000}$ドルを返済します。",18000,18000
mgsm-ja-174,ビルは家族のBBQのためにポテトサラダを作るためにジャガイモを皮むきと切る作業を行っています。大きなイベントなので、60個のジャガイモを処理する必要があります。ジャガイモはほぼ同じ大きさなので、それぞれを皮むきと切るのにかかる時間はほぼ同じです。ビルは1つのジャガイモを皮むくのに約1分半、切るのに約5秒かかります。ビルがジャガイモを準備するのにかかる時間は$\boxed{100}$分です。,100,95
mgsm-ja-175,"Juanとカロルはレモンジュースを売っています。1ガロンにつきレモンが$3、砂糖が$2かかります。彼らは1ガロンにつき20杯のグラスを作り、1杯につき$0.50で売ります。彼らが$25の利益を得た場合、彼らはレモンにどれだけ費やしたかを計算します。

まず、利益は売上からコストを引いたものです。売上は20杯のグラスを$0.50で売ることで計算できます。したがって、売上は$0.50 \times 20 = $10 です。

次に、利益が$25であるということは、売上からコストを引いたものが$25であるということです。つまり、$10 - \text{コスト} = $25 です。これを解くと、コストは$10 - $25 = -$15 となります。しかし、これはコストが負であることを意味するので、これは間違っています。実際には、$10 - \text{コスト} = -25$ という式を解くべきです。つまり、コストは$10 + $25 = $35 です。

次に、$35のコストがレモンと砂糖にどのように分配されているかを計算します。レモンと砂糖のコストはそれぞれ$3と$2で、1ガロンにつき$5です。したがって、$35のコストは$5の倍数である必要があります。$35 ÷ $5 = 7ガロンです。つまり、彼らは7ガロンのレモンジュースを作りました。

レモンのコストは7ガロン × $3 = $21 です。

したがって、彼らはレモンに$\boxed{21}$ドル費やしました。",21,15
mgsm-ja-176,"日本語での回答は以下の通りです。

240人のアジア人の中から、日本人が80人いたため、中国人は240 - 80 = 160人いたということになります。中国人の内、男の子が60人いたので、女の子は160 - 60 = 100人いたということです。

$\boxed{100}$",100,100
mgsm-ja-177,"Zaidの収入は6000ドルです。彼は収入の1/4を家賃に、1/3を車の燃料費に使います。残りの半分を彼の好きな慈善団体に寄付し、娘に200ドル、妻に700ドルを渡します。すべての費用と寄付を考慮に入れた後のZaidの残金を計算します。

1. 家賃の計算:
   \[
   6000 \times \frac{1}{4} = 1500 \text{ドル}
   \]

2. 車の燃料費の計算:
   \[
   6000 \times \frac{1}{3} = 2000 \text{ドル}
   \]

3. 家賃と車の燃料費の合計:
   \[
   1500 + 2000 = 3500 \text{ドル}
   \]

4. 余った金額:
   \[
   6000 - 3500 = 2500 \text{ドル}
   \]

5. 寄付の計算:
   \[
   2500 \times \frac{1}{2} = 1250 \text{ドル}
   \]

6. 寄付後の余った金額:
   \[
   2500 - 1250 = 1250 \text{ドル}
   \]

7. 娘と妻への渡し金の合計:
   \[
   200 + 700 = 900 \text{ドル}
   \]

8. 最終的な残金:
   \[
   1250 - 900 = 350 \text{ドル}
   \]

したがって、Zaidがすべての費用と寄付を考慮に入れた後の残金は350ドルです。$\boxed{350}$",350,350
mgsm-ja-178,"ボーが40カブを持っている場合、モニックはボーの4カブ少ないため、モニックは \(40 - 4 = 36\) カブを持っています。そして、ラニはモニックの10カブ多いので、ラニは \(36 + 10 = 46\) カブを持っています。したがって、三人が一緒に持っているカブの総数は、ボーの40カブ、モニックの36カブ、ラニの46カブを足したものです。つまり、\(40 + 36 + 46 = 122\) カブです。

$\boxed{122}$",122,122
mgsm-ja-179,"ロイドは1時間あたり10ドルで数学のチューターをしています。彼は最初の週に5時間、二週目には8時間チューターをしました。ロイドが最初の2週間でどれだけ稼いだかを計算します。

最初の週にロイドは5時間働いたので、$10 \times 5 = 50$ドル稼ぎます。

二週目には8時間働いたので、$10 \times 8 = 80$ドル稼ぎます。

したがって、最初の2週間でロイドは$50 + 80 = \boxed{130}$ドル稼ぎました。",130,130
mgsm-ja-180,投票した学生の総数は80人です。勝者は投票の3/4を獲得しました。したがって、勝者は \(80 \times \frac{3}{4} = 60\) 票を獲得しました。投票した学生の総数から勝者の得票数を引くと、敗者の得票数がわかります。つまり、敗者は \(80 - 60 = 20\) 票を獲得しました。$\boxed{20}$,20,20
mgsm-ja-181,"白い carnation の数を \( x \) とします。Sandra は白い carnation の数の 4 倍の赤いバラを注文しました。つまり、赤いバラの数は \( 4x \) です。また、ピンクの calla lilies の数は 200 で、これは白い carnation の数の 5 倍です。したがって、
\[ 5x = 200 \]
これを解くと
\[ x = \frac{200}{5} = 40 \]
つまり、白い carnation の数は 40 です。したがって、赤いバラの数は
\[ 4x = 4 \times 40 = 160 \]
Fred は 160 個の赤いバラを届けなければなりません。$\boxed{160}$",160,160
mgsm-ja-182,Jeanは32歳です。Jeanは30歳のJanよりも2歳年上なので、Jeanは30 + 2 = 32歳です。2年前には、MarkはJeanの年齢の半分よりも5歳年上でした。Jeanは30歳なので、2年前にはJeanは28歳でした。したがって、Markは28の半分よりも5歳年上でした、つまりMarkは(28 / 2) + 5 = 14 + 5 = 19歳でした。Jeanは32歳$\boxed{32}$。,32,23
mgsm-ja-183,"まず、最初のチームのタイムを計算します。各選手が400メートルを55秒で走るため、4人の選手が走る合計タイムは:
\[ 55 \times 4 = 220 \text{秒} \]

次に、二番目のチームのタイムを計算します。最初の選手は60秒で走ります。その後の各選手は3秒速くなるため、それぞれのタイムは次のように進みます:
- 第1選手: 60秒
- 第2選手: 60 - 3 = 57秒
- 第3選手: 57 - 3 = 54秒
- 第4選手: 54 - 3 = 51秒

これらのタイムを足し合わせると、二番目のチームの合計タイムは:
\[ 60 + 57 + 54 + 51 = 222 \text{秒} \]

最初のチームと二番目のチームのタイムの差は:
\[ 222 - 220 = 2 \text{秒} \]

したがって、最初のチームが2秒早く完走出来ます。$\boxed{2}$",2,2
mgsm-ja-184,"ジェリーが六面のサイコロを振るとき、3より大きい数を出す確率と連続して偶数を出す確率の差をパーセンテージで表すと、どのくらいの差があるでしょうか。

まず、3より大きい数を出す確率を計算します。サイコロの目は1から6までの6つの数です。3より大きい数は4、5、6の3つです。したがって、3より大きい数を出す確率は3/6=1/2です。これは50%です。

次に、連続して偶数を出す確率を計算します。偶数は2、4、6の3つです。連続して偶数を出すためには、最初の投げで偶数を出し、次の投げでも偶数を出す必要があります。それぞれの投げで偶数を出す確率は3/6=1/2です。したがって、連続して偶数を出す確率は(1/2) × (1/2) = 1/4です。これは25%です。

3より大きい数を出す確率と連続して偶数を出す確率の差は、50% - 25% = 25%です。

したがって、ジェリーが3より大きい数を出す確率は、連続して偶数を出す確率よりも25%高いです。

$\boxed{25}$",25,25
mgsm-ja-185,"ジェナと彼女の母は、リンゴ農場からいくつかのリンゴを採集しました。ジェナは母よりも半分だけリンゴを採集しました。もし母が20個のリンゴを採集した場合、彼らはどちらも何個のリンゴを採集したかを計算します。

まず、ジェナが採集したリンゴの数を計算します。母が20個採集した場合、ジェナはその半分を採集します。つまり、$20 \div 2 = 10$個です。

次に、両者が合計で採集したリンゴの数を計算します。母が20個、ジェナが10個採集したので、$20 + 10 = 30$個です。

したがって、彼らは合計で$\boxed{30}$個のリンゴを採集しました。",30,30
mgsm-ja-186,"Russellが動物店で働いており、小型rodentsに吸殻を配布しています。ラットは3つの籠に等しく分けられ、各ラットに6本の吸殻が与えられます。ハムスターは10つの籠に1匹ずつ飼われており、各ハムスターに5本の吸殻が与えられます。また、20本の吸殻がラビットの群れに配布されています。店の他の場所では吸殻は使用されていません。小型rodentsに160本の吸殻が配布された場合、1つのラット籠に何匹のラットがいるでしょうか。

ラットの数を計算するために、まずハムスターとラビットに配布された吸殻の数を計算します。

ハムスターに配布された吸殻の数は:
\[ 10 \text{ 節} \times 5 \text{ 本/節} = 50 \text{ 本} \]

ラビットに配布された吸殻の数は:
\[ 20 \text{ 本} \]

これらを合計すると、ハムスターとラビットに配布された吸殻の総数は:
\[ 50 \text{ 本} + 20 \text{ 本} = 70 \text{ 本} \]

160本の吸殻が配布されたうち、70本がハムスターとラビットに配布されたため、ラットに配布された吸殻の数は:
\[ 160 \text{ 本} - 70 \text{ 本} = 90 \text{ 本} \]

各ラットに6本の吸殻が与えられているので、ラットの総数は:
\[ \frac{90 \text{ 本}}{6 \text{ 本/ラット}} = 15 \text{ ラット} \]

ラットは3つの籠に等しく分けられているので、1つの籠にいるラットの数は:
\[ \frac{15 \text{ ラット}}{3 \text{ 節}} = 5 \text{ ラット} \]

したがって、1つのラット籠にいるラットの数は$\boxed{5}$です。",5,5
mgsm-ja-187,"まず、月に2%の利子を計算するために、最初の月の利子を計算します。$100の2%は$100 \times 0.02 = $2です。

次に、3ヶ月間の合計利子を計算します。1ヶ月目は$2、2ヶ月目も$2、3ヶ月目も$2なので、合計利子は$2 + $2 + $2 = $6です。

最初の借金額$100に3ヶ月間の合計利子$6を足すと、MandyがBenedictに支払う総額は$100 + $6 = $106です。

したがって、MandyはBenedictに$\boxed{106}$ドル支払うべきです。",106,106
